Date,Publisher,Identifiers,Accrual Campaign Name,Device,Line Item Name,Concept Name,Geo,Geo_City,Geo_Target,Metro/Non Metro,Platform,Section,Ad Unit,Targeting,Deal Type,Impressions,Clicks,Engagements,Reach,Views,25% Views,50% Views,75% Views,100% Views,Spends
2024-09-13,PMP OTT,Jupiter,Jupiter,,AP+Te_NA_Enter_PMP OTT_CTV_Midro_ViAd_20 se_NC(2Ex(2_Teleg_NA_CPM,Exchange,AP+Te,,,,,,,,,1705,0,nan,nan,nan,1603,1523,1418,1297,460.35
2024-09-13,PMP OTT,Jupiter,Jupiter,,AP+Te_NA_Enter_PMP OTT_CTV_Midro_ViAd_20 se_NC(2Ex(2_Teleg_NA_CPM,NCEMI,AP+Te,,,,,,,,,1735,0,nan,nan,nan,1606,1522,1396,1257,468.45
2024-09-13,PMP OTT,Jupiter,Jupiter,,HSM (_NA_Enter_PMP OTT_CTV_Midro_ViAd_20 se_NC(2Ex(2_Hingl_NA_CPM,Exchange,HSM,,,,,,,,,3809,0,nan,nan,nan,3586,3418,3215,2960,1028.43
2024-09-13,PMP OTT,Jupiter,Jupiter,,HSM (_NA_Enter_PMP OTT_CTV_Midro_ViAd_20 se_NC(2Ex(2_Hingl_NA_CPM,NCEMI,HSM,,,,,,,,,3854,0,nan,nan,nan,3623,3440,3167,2875,1040.58
2024-09-13,PMP OTT,Jupiter,Jupiter,,KER_NA_Enter_PMP OTT_CTV_Midro_ViAd_20 se_NC(2Ex(2_Malay_NA_CPM,Exchange,KER,,,,,,,,,426,0,nan,nan,nan,406,378,344,331,115.02
2024-09-13,PMP OTT,Jupiter,Jupiter,,KER_NA_Enter_PMP OTT_CTV_Midro_ViAd_20 se_NC(2Ex(2_Malay_NA_CPM,NCEMI,KER,,,,,,,,,444,0,nan,nan,nan,402,378,343,331,119.88
2024-09-13,PMP OTT,Jupiter,Jupiter,,MH+Go_NA_Enter_PMP OTT_CTV_Midro_ViAd_20 se_NC(2Ex(2_Marat_NA_CPM,Exchange,MH+Go,,,,,,,,,647,0,nan,nan,nan,613,588,543,470,174.69
2024-09-13,PMP OTT,Jupiter,Jupiter,,MH+Go_NA_Enter_PMP OTT_CTV_Midro_ViAd_20 se_NC(2Ex(2_Marat_NA_CPM,Exchange,MH+Go,,,,,,,,,587,0,nan,nan,nan,545,533,501,446,158.49
2024-09-13,PMP OTT,Jupiter,Jupiter,,MH+Go_NA_Enter_PMP OTT_CTV_Midro_ViAd_20 se_NC(2Ex(2_Marat_NA_CPM,NCEMI,MH+Go,,,,,,,,,626,0,nan,nan,nan,597,577,550,460,169.02
2024-09-13,PMP OTT,Jupiter,Jupiter,,MH+Go_NA_Enter_PMP OTT_CTV_Midro_ViAd_20 se_NC(2Ex(2_Marat_NA_CPM,NCEMI,MH+Go,,,,,,,,,599,0,nan,nan,nan,557,540,515,442,161.73
2024-09-13,PMP OTT,Jupiter,Jupiter,,Metro_NA_Enter_PMP OTT_CTV_Midro_ViAd_20 se_NC(2Ex(2_Hingl_NA_CPM,Exchange,Metro,,,,,,,,,6813,0,nan,nan,nan,6402,6048,5624,5266,1839.51
2024-09-13,PMP OTT,Jupiter,Jupiter,,Metro_NA_Enter_PMP OTT_CTV_Midro_ViAd_20 se_NC(2Ex(2_Hingl_NA_CPM,NCEMI,Metro,,,,,,,,,6817,0,nan,nan,nan,6451,6100,5679,5340,1840.59
2024-09-13,PMP OTT,Jupiter,Jupiter,,TN (E_NA_Enter_PMP OTT_CTV_Midro_ViAd_20 se_NC(2Ex(2_Tamil_NA_CPM,Exchange,TN,,,,,,,,,318,0,nan,nan,nan,302,288,267,259,85.86
2024-09-13,PMP OTT,Jupiter,Jupiter,,TN (E_NA_Enter_PMP OTT_CTV_Midro_ViAd_20 se_NC(2Ex(2_Tamil_NA_CPM,NCEMI,TN,,,,,,,,,314,0,nan,nan,nan,296,283,261,256,84.78
2024-09-13,PMP OTT,Jupiter,Jupiter,,UP+UK_NA_Enter_PMP OTT_CTV_Midro_ViAd_20 se_NC(2Ex(2_Hingl_NA_CPM,Exchange,UP+UK,,,,,,,,,2807,0,nan,nan,nan,2676,2554,2403,2258,757.89
2024-09-13,PMP OTT,Jupiter,Jupiter,,UP+UK_NA_Enter_PMP OTT_CTV_Midro_ViAd_20 se_NC(2Ex(2_Hingl_NA_CPM,NCEMI,UP+UK,,,,,,,,,2947,0,nan,nan,nan,2798,2688,2525,2368,795.69
2024-09-13,PMP OTT,Jupiter,Jupiter,,AP+Te_NA_Enter_PMP OTT (SL+Jio)_Deskt_Midro_ViAd_20 se_NC(2Ex(2_Teleg_18-44_CPM,Exchange,AP+Te,,,,,,,,,18560,305,nan,nan,nan,11718,8089,5729,4395,4176.0
2024-09-13,PMP OTT,Jupiter,Jupiter,,AP+Te_NA_Enter_PMP OTT (SL+Jio)_Deskt_Midro_ViAd_20 se_NC(2Ex(2_Teleg_18-44_CPM,NCEMI,AP+Te,,,,,,,,,18507,283,nan,nan,nan,11745,8248,5939,4534,4164.075
2024-09-13,PMP OTT,Jupiter,Jupiter,,HSM (_NA_Enter_PMP OTT (SL+Jio)_Deskt_Midro_ViAd_20 se_NC(2Ex(2_Hingl_18-44_CPM,Exchange,HSM,,,,,,,,,201676,6206,nan,nan,nan,141672,103341,91773,86078,45377.1
2024-09-13,PMP OTT,Jupiter,Jupiter,,HSM (_NA_Enter_PMP OTT (SL+Jio)_Deskt_Midro_ViAd_20 se_NC(2Ex(2_Hingl_18-44_CPM,NCEMI,HSM,,,,,,,,,115791,3758,nan,nan,nan,105311,78484,71600,66002,26052.975
2024-09-13,PMP OTT,Jupiter,Jupiter,,KER_NA_Enter_PMP OTT (SL+Jio)_Deskt_Midro_ViAd_20 se_NC(2Ex(2_Malay_18-44_CPM,Exchange,KER,,,,,,,,,46758,1507,nan,nan,nan,24218,11971,9272,8515,10520.55
2024-09-13,PMP OTT,Jupiter,Jupiter,,KER_NA_Enter_PMP OTT (SL+Jio)_Deskt_Midro_ViAd_20 se_NC(2Ex(2_Malay_18-44_CPM,NCEMI,KER,,,,,,,,,19329,1195,nan,nan,nan,13214,4468,3093,2695,4349.025
2024-09-13,PMP OTT,Jupiter,Jupiter,,MH+Go_NA_Enter_PMP OTT (SL+Jio)_Deskt_Midro_ViAd_20 se_NC(2Ex(2_Marat_18-44_CPM,Exchange,MH+Go,,,,,,,,,8447,182,nan,nan,nan,4642,3153,2560,2505,1900.575
2024-09-13,PMP OTT,Jupiter,Jupiter,,MH+Go_NA_Enter_PMP OTT (SL+Jio)_Deskt_Midro_ViAd_20 se_NC(2Ex(2_Marat_18-44_CPM,Exchange,MH+Go,,,,,,,,,3166,66,nan,nan,nan,2432,1652,1376,1248,712.35
2024-09-13,PMP OTT,Jupiter,Jupiter,,MH+Go_NA_Enter_PMP OTT (SL+Jio)_Deskt_Midro_ViAd_20 se_NC(2Ex(2_Marat_18-44_CPM,NCEMI,MH+Go,,,,,,,,,3575,85,nan,nan,nan,2759,1999,1711,1563,804.375
2024-09-13,PMP OTT,Jupiter,Jupiter,,MH+Go_NA_Enter_PMP OTT (SL+Jio)_Deskt_Midro_ViAd_20 se_NC(2Ex(2_Marat_18-44_CPM,NCEMI,MH+Go,,,,,,,,,3637,78,nan,nan,nan,2995,2227,1916,1749,818.325
2024-09-13,PMP OTT,Jupiter,Jupiter,,Metro_NA_Enter_PMP OTT (SL+Jio)_Deskt_Midro_ViAd_20 se_NC(2Ex(2_Hingl_18-44_CPM,Exchange,Metro,,,,,,,,,561589,11901,nan,nan,nan,391035,278224,249370,241693,126357.525
2024-09-13,PMP OTT,Jupiter,Jupiter,,Metro_NA_Enter_PMP OTT (SL+Jio)_Deskt_Midro_ViAd_20 se_NC(2Ex(2_Hingl_18-44_CPM,NCEMI,Metro,,,,,,,,,365511,9202,nan,nan,nan,297714,209933,192016,185090,82239.975
2024-09-13,PMP OTT,Jupiter,Jupiter,,TN (E_NA_Enter_PMP OTT (SL+Jio)_Deskt_Midro_ViAd_20 se_NC(2Ex(2_Tamil_18-44_CPM,Exchange,TN,,,,,,,,,3122,50,nan,nan,nan,1978,1200,927,834,702.45
2024-09-13,PMP OTT,Jupiter,Jupiter,,TN (E_NA_Enter_PMP OTT (SL+Jio)_Deskt_Midro_ViAd_20 se_NC(2Ex(2_Tamil_18-44_CPM,NCEMI,TN,,,,,,,,,9153,153,nan,nan,nan,4502,2918,2323,2225,2059.425
2024-09-13,PMP OTT,Jupiter,Jupiter,,UP+UK_NA_Enter_PMP OTT (SL+Jio)_Deskt_Midro_ViAd_20 se_NC(2Ex(2_Hingl_18-44_CPM,Exchange,UP+UK,,,,,,,,,32128,1280,nan,nan,nan,20327,13502,10399,8691,7228.8
2024-09-13,PMP OTT,Jupiter,Jupiter,,UP+UK_NA_Enter_PMP OTT (SL+Jio)_Deskt_Midro_ViAd_20 se_NC(2Ex(2_Hingl_18-44_CPM,NCEMI,UP+UK,,,,,,,,,14280,565,nan,nan,nan,11853,7711,5799,4377,3213.0
2024-09-13,PMP OTT,Jupiter,Jupiter,,AP+Te_BFP_Enter_PMP OTT (Rest) _Deskt_Midro_ViAd_20 se_NC(2Ex(2_Teleg_Busy _CPM,Exchange,AP+Te,,,,,,,,,4993,71,nan,nan,nan,2810,1863,1383,1187,823.845
2024-09-13,PMP OTT,Jupiter,Jupiter,,AP+Te_BFP_Enter_PMP OTT (Rest) _Deskt_Midro_ViAd_20 se_NC(2Ex(2_Teleg_Busy _CPM,NCEMI,AP+Te,,,,,,,,,5052,76,nan,nan,nan,2875,1828,1311,1185,833.58
2024-09-13,PMP OTT,Jupiter,Jupiter,,AP+Te_SDS_Enter_PMP OTT (Rest) _Deskt_Midro_ViAd_20 se_NC(2Ex(2_Teleg_Scept_CPM,Exchange,AP+Te,,,,,,,,,16405,230,nan,nan,nan,8848,5608,4245,3922,2706.825
2024-09-13,PMP OTT,Jupiter,Jupiter,,AP+Te_SDS_Enter_PMP OTT (Rest) _Deskt_Midro_ViAd_20 se_NC(2Ex(2_Teleg_Scept_CPM,NCEMI,AP+Te,,,,,,,,,16447,278,nan,nan,nan,8827,5578,4245,3967,2713.755
2024-09-13,PMP OTT,Jupiter,Jupiter,,AP+Te_SS_Enter_PMP OTT (Rest) _Deskt_Midro_ViAd_20 se_NC(2Ex(2_Teleg_Statu_CPM,Exchange,AP+Te,,,,,,,,,3748,71,nan,nan,nan,2363,1561,1146,994,618.42
2024-09-13,PMP OTT,Jupiter,Jupiter,,AP+Te_SS_Enter_PMP OTT (Rest) _Deskt_Midro_ViAd_20 se_NC(2Ex(2_Teleg_Statu_CPM,NCEMI,AP+Te,,,,,,,,,3666,54,nan,nan,nan,2257,1525,1061,890,604.89
2024-09-13,PMP OTT,Jupiter,Jupiter,,AP+Te_VM_Enter_PMP OTT (Rest) _Deskt_Midro_ViAd_20 se_NC(2Ex(2_Teleg_Value_CPM,Exchange,AP+Te,,,,,,,,,13380,199,nan,nan,nan,7672,4607,3381,3115,2207.7
2024-09-13,PMP OTT,Jupiter,Jupiter,,AP+Te_VM_Enter_PMP OTT (Rest) _Deskt_Midro_ViAd_20 se_NC(2Ex(2_Teleg_Value_CPM,NCEMI,AP+Te,,,,,,,,,18765,277,nan,nan,nan,9805,6097,4555,4289,3096.225
2024-09-13,PMP OTT,Jupiter,Jupiter,,HSM (_BFP_Enter_PMP OTT (Rest) _Deskt_Midro_ViAd_20 se_NC(2Ex(2_Hingl_Busy _CPM,Exchange,HSM,,,,,,,,,27393,548,nan,nan,nan,21058,16594,15301,14675,4519.845
2024-09-13,PMP OTT,Jupiter,Jupiter,,HSM (_BFP_Enter_PMP OTT (Rest) _Deskt_Midro_ViAd_20 se_NC(2Ex(2_Hingl_Busy _CPM,NCEMI,HSM,,,,,,,,,18019,454,nan,nan,nan,16539,13151,12305,11667,2973.135
2024-09-13,PMP OTT,Jupiter,Jupiter,,HSM (_SDS_Enter_PMP OTT (Rest) _Deskt_Midro_ViAd_20 se_NC(2Ex(2_Hingl_Scept_CPM,Exchange,HSM,,,,,,,,,168500,4958,nan,nan,nan,128926,90207,80931,77566,27802.5
2024-09-13,PMP OTT,Jupiter,Jupiter,,HSM (_SDS_Enter_PMP OTT (Rest) _Deskt_Midro_ViAd_20 se_NC(2Ex(2_Hingl_Scept_CPM,NCEMI,HSM,,,,,,,,,124904,4504,nan,nan,nan,111968,78974,72164,69019,20609.16
2024-09-13,PMP OTT,Jupiter,Jupiter,,HSM (_SS_Enter_PMP OTT (Rest) _Deskt_Midro_ViAd_20 se_NC(2Ex(2_Hingl_Statu_CPM,Exchange,HSM,,,,,,,,,21025,331,nan,nan,nan,15969,12955,12004,11571,3469.125
2024-09-13,PMP OTT,Jupiter,Jupiter,,HSM (_SS_Enter_PMP OTT (Rest) _Deskt_Midro_ViAd_20 se_NC(2Ex(2_Hingl_Statu_CPM,NCEMI,HSM,,,,,,,,,15126,280,nan,nan,nan,14152,11881,11156,10556,2495.79
2024-09-13,PMP OTT,Jupiter,Jupiter,,HSM (_SUF_Enter_PMP OTT (Rest) _Deskt_Midro_ViAd_20 se_NC(2Ex(2_Hingl_Socia_CPM,Exchange,HSM,,,,,,,,,48290,925,nan,nan,nan,36969,29302,26999,25976,7967.85
2024-09-13,PMP OTT,Jupiter,Jupiter,,HSM (_SUF_Enter_PMP OTT (Rest) _Deskt_Midro_ViAd_20 se_NC(2Ex(2_Hingl_Socia_CPM,NCEMI,HSM,,,,,,,,,33392,668,nan,nan,nan,30940,25098,23689,22734,5509.68
2024-09-13,PMP OTT,Jupiter,Jupiter,,HSM (_VM_Enter_PMP OTT (Rest) _Deskt_Midro_ViAd_20 se_NC(2Ex(2_Hingl_Value_CPM,Exchange,HSM,,,,,,,,,146942,4332,nan,nan,nan,112921,79504,71390,68609,24245.43
2024-09-13,PMP OTT,Jupiter,Jupiter,,HSM (_VM_Enter_PMP OTT (Rest) _Deskt_Midro_ViAd_20 se_NC(2Ex(2_Hingl_Value_CPM,NCEMI,HSM,,,,,,,,,107665,3739,nan,nan,nan,97982,69746,64005,61321,17764.725
2024-09-13,PMP OTT,Jupiter,Jupiter,,KAR (_SDS_Enter_PMP OTT (Rest) _Deskt_Midro_ViAd_20 se_NC(2Ex(2_Kanna_Scept_CPM,Exchange,KAR,,,,,,,,,5982,98,nan,nan,nan,3784,2820,2499,2501,987.03
2024-09-13,PMP OTT,Jupiter,Jupiter,,KAR (_SDS_Enter_PMP OTT (Rest) _Deskt_Midro_ViAd_20 se_NC(2Ex(2_Kanna_Scept_CPM,NCEMI,KAR,,,,,,,,,4053,85,nan,nan,nan,2994,2293,2034,2008,668.745
2024-09-13,PMP OTT,Jupiter,Jupiter,,KAR (_VM_Enter_PMP OTT (Rest) _Deskt_Midro_ViAd_20 se_NC(2Ex(2_Kanna_Value_CPM,Exchange,KAR,,,,,,,,,4963,86,nan,nan,nan,3201,2347,2092,2092,818.895
2024-09-13,PMP OTT,Jupiter,Jupiter,,KAR (_VM_Enter_PMP OTT (Rest) _Deskt_Midro_ViAd_20 se_NC(2Ex(2_Kanna_Value_CPM,NCEMI,KAR,,,,,,,,,5063,110,nan,nan,nan,3407,2612,2300,2246,835.395
2024-09-13,PMP OTT,Jupiter,Jupiter,,KER_BFP_Enter_PMP OTT (Rest) _Deskt_Midro_ViAd_20 se_NC(2Ex(2_Malay_Busy _CPM,Exchange,KER,,,,,,,,,5902,144,nan,nan,nan,3205,1812,1447,1347,973.83
2024-09-13,PMP OTT,Jupiter,Jupiter,,KER_BFP_Enter_PMP OTT (Rest) _Deskt_Midro_ViAd_20 se_NC(2Ex(2_Malay_Busy _CPM,NCEMI,KER,,,,,,,,,2732,135,nan,nan,nan,1996,918,743,678,450.78
2024-09-13,PMP OTT,Jupiter,Jupiter,,KER_SDS_Enter_PMP OTT (Rest) _Deskt_Midro_ViAd_20 se_NC(2Ex(2_Malay_Scept_CPM,Exchange,KER,,,,,,,,,18873,538,nan,nan,nan,10558,5731,4594,4293,3114.045
2024-09-13,PMP OTT,Jupiter,Jupiter,,KER_SDS_Enter_PMP OTT (Rest) _Deskt_Midro_ViAd_20 se_NC(2Ex(2_Malay_Scept_CPM,NCEMI,KER,,,,,,,,,9342,429,nan,nan,nan,6930,3380,2809,2611,1541.43
2024-09-13,PMP OTT,Jupiter,Jupiter,,KER_SUF_Enter_PMP OTT (Rest) _Deskt_Midro_ViAd_20 se_NC(2Ex(2_Malay_Socia_CPM,Exchange,KER,,,,,,,,,11196,332,nan,nan,nan,6136,3370,2717,2503,1847.34
2024-09-13,PMP OTT,Jupiter,Jupiter,,KER_SUF_Enter_PMP OTT (Rest) _Deskt_Midro_ViAd_20 se_NC(2Ex(2_Malay_Socia_CPM,NCEMI,KER,,,,,,,,,5446,271,nan,nan,nan,4107,1933,1591,1446,898.59
2024-09-13,PMP OTT,Jupiter,Jupiter,,KER_VM_Enter_PMP OTT (Rest) _Deskt_Midro_ViAd_20 se_NC(2Ex(2_Malay_Value_CPM,Exchange,KER,,,,,,,,,18559,537,nan,nan,nan,10295,5684,4584,4238,3062.235
2024-09-13,PMP OTT,Jupiter,Jupiter,,KER_VM_Enter_PMP OTT (Rest) _Deskt_Midro_ViAd_20 se_NC(2Ex(2_Malay_Value_CPM,NCEMI,KER,,,,,,,,,9376,445,nan,nan,nan,7092,3337,2709,2524,1547.04
2024-09-13,PMP OTT,Jupiter,Jupiter,,MH+Go_SDS_Enter_PMP OTT (Rest) _Deskt_Midro_ViAd_20 se_NC(2Ex(2_Marat_Scept_CPM,Exchange,MH+Go,,,,,,,,,11450,147,nan,nan,nan,7737,6176,5650,5628,1889.25
2024-09-13,PMP OTT,Jupiter,Jupiter,,MH+Go_SDS_Enter_PMP OTT (Rest) _Deskt_Midro_ViAd_20 se_NC(2Ex(2_Marat_Scept_CPM,Exchange,MH+Go,,,,,,,,,6709,108,nan,nan,nan,5922,4901,4666,4588,1106.985
2024-09-13,PMP OTT,Jupiter,Jupiter,,MH+Go_SDS_Enter_PMP OTT (Rest) _Deskt_Midro_ViAd_20 se_NC(2Ex(2_Marat_Scept_CPM,NCEMI,MH+Go,,,,,,,,,6893,105,nan,nan,nan,6118,5157,4898,4834,1137.345
2024-09-13,PMP OTT,Jupiter,Jupiter,,MH+Go_SDS_Enter_PMP OTT (Rest) _Deskt_Midro_ViAd_20 se_NC(2Ex(2_Marat_Scept_CPM,NCEMI,MH+Go,,,,,,,,,6896,113,nan,nan,nan,6079,5098,4840,4809,1137.84
2024-09-13,PMP OTT,Jupiter,Jupiter,,MH+Go_SUF_Enter_PMP OTT (Rest) _Deskt_Midro_ViAd_20 se_NC(2Ex(2_Marat_Socia_CPM,Exchange,MH+Go,,,,,,,,,3631,38,nan,nan,nan,2642,2238,2085,2074,599.115
2024-09-13,PMP OTT,Jupiter,Jupiter,,MH+Go_SUF_Enter_PMP OTT (Rest) _Deskt_Midro_ViAd_20 se_NC(2Ex(2_Marat_Socia_CPM,Exchange,MH+Go,,,,,,,,,2397,19,nan,nan,nan,2205,2003,1914,1888,395.505
2024-09-13,PMP OTT,Jupiter,Jupiter,,MH+Go_SUF_Enter_PMP OTT (Rest) _Deskt_Midro_ViAd_20 se_NC(2Ex(2_Marat_Socia_CPM,NCEMI,MH+Go,,,,,,,,,2448,34,nan,nan,nan,2183,1969,1873,1844,403.92
2024-09-13,PMP OTT,Jupiter,Jupiter,,MH+Go_SUF_Enter_PMP OTT (Rest) _Deskt_Midro_ViAd_20 se_NC(2Ex(2_Marat_Socia_CPM,NCEMI,MH+Go,,,,,,,,,2544,23,nan,nan,nan,2338,2096,2001,1965,419.76
2024-09-13,PMP OTT,Jupiter,Jupiter,,MH+Go_VM_Enter_PMP OTT (Rest) _Deskt_Midro_ViAd_20 se_NC(2Ex(2_Marat_Value_CPM,Exchange,MH+Go,,,,,,,,,11976,160,nan,nan,nan,8194,6552,6016,5973,1976.04
2024-09-13,PMP OTT,Jupiter,Jupiter,,MH+Go_VM_Enter_PMP OTT (Rest) _Deskt_Midro_ViAd_20 se_NC(2Ex(2_Marat_Value_CPM,Exchange,MH+Go,,,,,,,,,7088,94,nan,nan,nan,6198,5174,4908,4849,1169.52
2024-09-13,PMP OTT,Jupiter,Jupiter,,MH+Go_VM_Enter_PMP OTT (Rest) _Deskt_Midro_ViAd_20 se_NC(2Ex(2_Marat_Value_CPM,NCEMI,MH+Go,,,,,,,,,6951,103,nan,nan,nan,6135,5105,4822,4735,1146.915
2024-09-13,PMP OTT,Jupiter,Jupiter,,MH+Go_VM_Enter_PMP OTT (Rest) _Deskt_Midro_ViAd_20 se_NC(2Ex(2_Marat_Value_CPM,NCEMI,MH+Go,,,,,,,,,7100,121,nan,nan,nan,6272,5273,4999,4929,1171.5
2024-09-13,PMP OTT,Jupiter,Jupiter,,Metro_BFP_Enter_PMP OTT (Rest) _Deskt_Midro_ViAd_20 se_NC(2Ex(2_Hingl_Busy _CPM,Exchange,Metro,,,,,,,,,81959,1449,nan,nan,nan,56890,41532,37538,36383,13523.235
2024-09-13,PMP OTT,Jupiter,Jupiter,,Metro_BFP_Enter_PMP OTT (Rest) _Deskt_Midro_ViAd_20 se_NC(2Ex(2_Hingl_Busy _CPM,NCEMI,Metro,,,,,,,,,58412,1072,nan,nan,nan,48853,36159,33330,32363,9637.98
2024-09-13,PMP OTT,Jupiter,Jupiter,,Metro_SDS_Enter_PMP OTT (Rest) _Deskt_Midro_ViAd_20 se_NC(2Ex(2_Hingl_Scept_CPM,Exchange,Metro,,,,,,,,,131447,2155,nan,nan,nan,92358,67439,60720,59016,21688.755
2024-09-13,PMP OTT,Jupiter,Jupiter,,Metro_SDS_Enter_PMP OTT (Rest) _Deskt_Midro_ViAd_20 se_NC(2Ex(2_Hingl_Scept_CPM,NCEMI,Metro,,,,,,,,,94946,1696,nan,nan,nan,79688,59498,55060,53182,15666.09
2024-09-13,PMP OTT,Jupiter,Jupiter,,Metro_SS_Enter_PMP OTT (Rest) _Deskt_Midro_ViAd_20 se_NC(2Ex(2_Hingl_Statu_CPM,Exchange,Metro,,,,,,,,,67416,1057,nan,nan,nan,47889,35825,32577,31620,11123.64
2024-09-13,PMP OTT,Jupiter,Jupiter,,Metro_SS_Enter_PMP OTT (Rest) _Deskt_Midro_ViAd_20 se_NC(2Ex(2_Hingl_Statu_CPM,NCEMI,Metro,,,,,,,,,46838,827,nan,nan,nan,39550,29992,27827,26941,7728.27
2024-09-13,PMP OTT,Jupiter,Jupiter,,Metro_SUF_Enter_PMP OTT (Rest) _Deskt_Midro_ViAd_20 se_NC(2Ex(2_Hingl_Socia_CPM,Exchange,Metro,,,,,,,,,96884,1361,nan,nan,nan,69440,53286,48410,47103,15985.86
2024-09-13,PMP OTT,Jupiter,Jupiter,,Metro_SUF_Enter_PMP OTT (Rest) _Deskt_Midro_ViAd_20 se_NC(2Ex(2_Hingl_Socia_CPM,NCEMI,Metro,,,,,,,,,67681,1110,nan,nan,nan,57492,44604,41606,40232,11167.365
2024-09-13,PMP OTT,Jupiter,Jupiter,,Metro_VM_Enter_PMP OTT (Rest) _Deskt_Midro_ViAd_20 se_NC(2Ex(2_Hingl_Value_CPM,Exchange,Metro,,,,,,,,,133699,2179,nan,nan,nan,94129,69452,62677,60648,22060.335
2024-09-13,PMP OTT,Jupiter,Jupiter,,Metro_VM_Enter_PMP OTT (Rest) _Deskt_Midro_ViAd_20 se_NC(2Ex(2_Hingl_Value_CPM,NCEMI,Metro,,,,,,,,,93584,1598,nan,nan,nan,78510,58504,54176,52469,15441.36
2024-09-13,PMP OTT,Jupiter,Jupiter,,TN (E_SDS_Enter_PMP OTT (Rest) _Deskt_Midro_ViAd_20 se_NC(2Ex(2_Tamil_Scept_CPM,Exchange,TN,,,,,,,,,10025,130,nan,nan,nan,4825,2982,2439,2532,1654.125
2024-09-13,PMP OTT,Jupiter,Jupiter,,TN (E_SDS_Enter_PMP OTT (Rest) _Deskt_Midro_ViAd_20 se_NC(2Ex(2_Tamil_Scept_CPM,NCEMI,TN,,,,,,,,,4438,70,nan,nan,nan,2623,1498,1207,1296,732.27
2024-09-13,PMP OTT,Jupiter,Jupiter,,TN (E_VM_Enter_PMP OTT (Rest) _Deskt_Midro_ViAd_20 se_NC(2Ex(2_Tamil_Value_CPM,Exchange,TN,,,,,,,,,9684,112,nan,nan,nan,4558,2792,2220,2365,1597.86
2024-09-13,PMP OTT,Jupiter,Jupiter,,TN (E_VM_Enter_PMP OTT (Rest) _Deskt_Midro_ViAd_20 se_NC(2Ex(2_Tamil_Value_CPM,NCEMI,TN,,,,,,,,,4377,67,nan,nan,nan,2623,1458,1177,1268,722.205
2024-09-13,PMP OTT,Jupiter,Jupiter,,UP+UK_BFP_Enter_PMP OTT (Rest) _Deskt_Midro_ViAd_20 se_NC(2Ex(2_Hingl_Busy _CPM,Exchange,UP+UK,,,,,,,,,15897,600,nan,nan,nan,10601,7285,6299,5904,2623.005
2024-09-13,PMP OTT,Jupiter,Jupiter,,UP+UK_BFP_Enter_PMP OTT (Rest) _Deskt_Midro_ViAd_20 se_NC(2Ex(2_Hingl_Busy _CPM,NCEMI,UP+UK,,,,,,,,,8684,375,nan,nan,nan,8006,5592,5023,4651,1432.86
2024-09-13,PMP OTT,Jupiter,Jupiter,,UP+UK_SDS_Enter_PMP OTT (Rest) _Deskt_Midro_ViAd_20 se_NC(2Ex(2_Hingl_Scept_CPM,Exchange,UP+UK,,,,,,,,,66209,2437,nan,nan,nan,47072,31108,27284,25917,10924.485
2024-09-13,PMP OTT,Jupiter,Jupiter,,UP+UK_SDS_Enter_PMP OTT (Rest) _Deskt_Midro_ViAd_20 se_NC(2Ex(2_Hingl_Scept_CPM,NCEMI,UP+UK,,,,,,,,,43565,1960,nan,nan,nan,39036,26285,23692,22431,7188.225
2024-09-13,PMP OTT,Jupiter,Jupiter,,UP+UK_SS_Enter_PMP OTT (Rest) _Deskt_Midro_ViAd_20 se_NC(2Ex(2_Hingl_Statu_CPM,Exchange,UP+UK,,,,,,,,,7353,252,nan,nan,nan,5049,3695,3203,2933,1213.245
2024-09-13,PMP OTT,Jupiter,Jupiter,,UP+UK_SS_Enter_PMP OTT (Rest) _Deskt_Midro_ViAd_20 se_NC(2Ex(2_Hingl_Statu_CPM,NCEMI,UP+UK,,,,,,,,,3956,133,nan,nan,nan,3677,2766,2467,2213,652.74
2024-09-13,PMP OTT,Jupiter,Jupiter,,UP+UK_SUF_Enter_PMP OTT (Rest) _Deskt_Midro_ViAd_20 se_NC(2Ex(2_Hingl_Socia_CPM,Exchange,UP+UK,,,,,,,,,29617,940,nan,nan,nan,20039,13982,12283,11620,4886.805
2024-09-13,PMP OTT,Jupiter,Jupiter,,UP+UK_SUF_Enter_PMP OTT (Rest) _Deskt_Midro_ViAd_20 se_NC(2Ex(2_Hingl_Socia_CPM,NCEMI,UP+UK,,,,,,,,,16919,653,nan,nan,nan,15303,10896,9915,9275,2791.635
2024-09-13,PMP OTT,Jupiter,Jupiter,,UP+UK_VM_Enter_PMP OTT (Rest) _Deskt_Midro_ViAd_20 se_NC(2Ex(2_Hingl_Value_CPM,Exchange,UP+UK,,,,,,,,,81887,3224,nan,nan,nan,58909,39236,34386,32845,13511.355
2024-09-13,PMP OTT,Jupiter,Jupiter,,UP+UK_VM_Enter_PMP OTT (Rest) _Deskt_Midro_ViAd_20 se_NC(2Ex(2_Hingl_Value_CPM,NCEMI,UP+UK,,,,,,,,,52090,2525,nan,nan,nan,46236,30478,27205,25714,8594.85
2024-09-13,PMP OTT,Jupiter,Jupiter,,WB (E_SDS_Enter_PMP OTT (Rest) _Deskt_Midro_ViAd_20 se_NC(2Ex(2_Benga_Scept_CPM,Exchange,WB,,,,,,,,,4658,158,nan,nan,nan,3413,2549,2239,2021,768.57
2024-09-13,PMP OTT,Jupiter,Jupiter,,WB (E_SDS_Enter_PMP OTT (Rest) _Deskt_Midro_ViAd_20 se_NC(2Ex(2_Benga_Scept_CPM,NCEMI,WB,,,,,,,,,4694,159,nan,nan,nan,3363,2440,2118,1840,774.51
2024-09-13,PMP OTT,Jupiter,Jupiter,,WB (E_VM_Enter_PMP OTT (Rest) _Deskt_Midro_ViAd_20 se_NC(2Ex(2_Benga_Value_CPM,Exchange,WB,,,,,,,,,4644,165,nan,nan,nan,3403,2464,2105,1850,766.26
2024-09-13,PMP OTT,Jupiter,Jupiter,,WB (E_VM_Enter_PMP OTT (Rest) _Deskt_Midro_ViAd_20 se_NC(2Ex(2_Benga_Value_CPM,NCEMI,WB,,,,,,,,,4711,148,nan,nan,nan,3502,2611,2267,2037,777.315
2024-09-13,Youtube,Jupiter,Jupiter,,AP+Te_BFP_Enter_Youtube_Deskt_Non-s_ViAd_20 se_NC(2Ex(2_Teleg_18-44_CPM (,Exchange,AP+Te,,,,,,,,,10627,76,nan,nan,nan,9168,8608,8302,8066,1162.085503
2024-09-13,Youtube,Jupiter,Jupiter,,AP+Te_BFP_Enter_Youtube_Deskt_Non-s_ViAd_20 se_NC(2Ex(2_Teleg_18-44_CPM (,NCEMI,AP+Te,,,,,,,,,11283,76,nan,nan,nan,9813,9194,8820,8586,1223.338256
2024-09-13,Youtube,Jupiter,Jupiter,,AP+Te_NA_Enter_Youtube_CTV_Non-s_ViAd_20 se_NC(2Ex(2_Teleg_NA_CPM (,Exchange,AP+Te,,,,,,,,,119287,0,nan,nan,nan,104289,102577,101862,101390,16367.924715
2024-09-13,Youtube,Jupiter,Jupiter,,AP+Te_NA_Enter_Youtube_CTV_Non-s_ViAd_20 se_NC(2Ex(2_Teleg_NA_CPM (,NCEMI,AP+Te,,,,,,,,,121041,0,nan,nan,nan,106433,104593,103824,103378,16717.548986
2024-09-13,Youtube,Jupiter,Jupiter,,AP+Te_SDS_Enter_Youtube_Deskt_Non-s_ViAd_20 se_NC(2Ex(2_Teleg_18-44_CPM (,Exchange,AP+Te,,,,,,,,,71937,483,nan,nan,nan,62715,59129,56928,55499,7975.378099
2024-09-13,Youtube,Jupiter,Jupiter,,AP+Te_SS_Enter_Youtube_Deskt_Non-s_ViAd_20 se_NC(2Ex(2_Teleg_18-44_CPM (,Exchange,AP+Te,,,,,,,,,8249,38,nan,nan,nan,7191,6775,6494,6303,858.989726
2024-09-13,Youtube,Jupiter,Jupiter,,AP+Te_SS_Enter_Youtube_Deskt_Non-s_ViAd_20 se_NC(2Ex(2_Teleg_18-44_CPM (,NCEMI,AP+Te,,,,,,,,,9003,58,nan,nan,nan,7907,7400,7092,6890,929.007977
2024-09-13,Youtube,Jupiter,Jupiter,,AP+Te_SUF_Enter_Youtube_Deskt_Non-s_ViAd_20 se_NC(2Ex(2_Teleg_18-44_CPM (,Exchange,AP+Te,,,,,,,,,36142,251,nan,nan,nan,31246,29294,28184,27441,3990.866308
2024-09-13,Youtube,Jupiter,Jupiter,,AP+Te_VM_Enter_Youtube_Deskt_Non-s_ViAd_20 se_NC(2Ex(2_Teleg_18-44_CPM (,Exchange,AP+Te,,,,,,,,,34168,209,nan,nan,nan,29804,28105,27123,26506,3705.213574
2024-09-13,Youtube,Jupiter,Jupiter,,AP+Te_VM_Enter_Youtube_Deskt_Non-s_ViAd_20 se_NC(2Ex(2_Teleg_18-44_CPM (,NCEMI,AP+Te,,,,,,,,,37461,250,nan,nan,nan,32712,30847,29746,28971,4061.593697
2024-09-13,Youtube,Jupiter,Jupiter,,HSM (_BFP_Enter_Youtube_Deskt_Non-s_ViAd_20 se_NC(2Ex(2_Hingl_18-44_CPM (,Exchange,HSM,,,,,,,,,15826,44,nan,nan,nan,13260,12565,12224,11961,1118.230473
2024-09-13,Youtube,Jupiter,Jupiter,,HSM (_BFP_Enter_Youtube_Deskt_Non-s_ViAd_20 se_NC(2Ex(2_Hingl_18-44_CPM (,NCEMI,HSM,,,,,,,,,92672,750,nan,nan,nan,80572,75936,73133,71314,9960.680154
2024-09-13,Youtube,Jupiter,Jupiter,,HSM (_NA_Enter_Youtube_CTV_Non-s_ViAd_20 se_NC(2Ex(2_Hingl_NA_CPM (,Exchange,HSM,,,,,,,,,617906,0,nan,nan,nan,564938,556126,552234,549924,89097.183606
2024-09-13,Youtube,Jupiter,Jupiter,,HSM (_NA_Enter_Youtube_CTV_Non-s_ViAd_20 se_NC(2Ex(2_Hingl_NA_CPM (,NCEMI,HSM,,,,,,,,,621339,0,nan,nan,nan,568345,559487,555630,553250,89690.25022
2024-09-13,Youtube,Jupiter,Jupiter,,HSM (_SDS_Enter_Youtube_Deskt_Non-s_ViAd_20 se_NC(2Ex(2_Hingl_18-44_CPM (,Exchange,HSM,,,,,,,,,397320,3131,nan,nan,nan,353069,330801,316295,306158,42918.198334
2024-09-13,Youtube,Jupiter,Jupiter,,HSM (_SDS_Enter_Youtube_Deskt_Non-s_ViAd_20 se_NC(2Ex(2_Hingl_18-44_CPM (,NCEMI,HSM,,,,,,,,,272324,1996,nan,nan,nan,239550,224448,214716,207980,29168.506817
2024-09-13,Youtube,Jupiter,Jupiter,,HSM (_SS_Enter_Youtube_Deskt_Non-s_ViAd_20 se_NC(2Ex(2_Hingl_18-44_CPM (,Exchange,HSM,,,,,,,,,14947,59,nan,nan,nan,12790,12076,11704,11454,1195.141561
2024-09-13,Youtube,Jupiter,Jupiter,,HSM (_SS_Enter_Youtube_Deskt_Non-s_ViAd_20 se_NC(2Ex(2_Hingl_18-44_CPM (,NCEMI,HSM,,,,,,,,,70859,535,nan,nan,nan,61047,57343,55252,53830,7591.199656
2024-09-13,Youtube,Jupiter,Jupiter,,HSM (_SUF_Enter_Youtube_Deskt_Non-s_ViAd_20 se_NC(2Ex(2_Hingl_18-44_CPM (,Exchange,HSM,,,,,,,,,29513,87,nan,nan,nan,24783,23491,22782,22296,2120.208774
2024-09-13,Youtube,Jupiter,Jupiter,,HSM (_SUF_Enter_Youtube_Deskt_Non-s_ViAd_20 se_NC(2Ex(2_Hingl_18-44_CPM (,NCEMI,HSM,,,,,,,,,177450,1181,nan,nan,nan,155282,146633,141601,138175,17845.292527
2024-09-13,Youtube,Jupiter,Jupiter,,HSM (_VM_Enter_Youtube_Deskt_Non-s_ViAd_20 se_NC(2Ex(2_Hingl_18-44_CPM (,Exchange,HSM,,,,,,,,,90421,434,nan,nan,nan,78361,74317,71860,70160,7639.271468
2024-09-13,Youtube,Jupiter,Jupiter,,HSM (_VM_Enter_Youtube_Deskt_Non-s_ViAd_20 se_NC(2Ex(2_Hingl_18-44_CPM (,NCEMI,HSM,,,,,,,,,504206,3700,nan,nan,nan,446251,422418,407986,398311,55297.284565
2024-09-13,Youtube,Jupiter,Jupiter,,KAR (_BFP_Enter_Youtube_Deskt_Non-s_ViAd_20 se_NC(2Ex(2_Kanna_18-44_CPM (,Exchange,KAR,,,,,,,,,8921,29,nan,nan,nan,7896,7485,7266,7124,897.810879
2024-09-13,Youtube,Jupiter,Jupiter,,KAR (_BFP_Enter_Youtube_Deskt_Non-s_ViAd_20 se_NC(2Ex(2_Kanna_18-44_CPM (,NCEMI,KAR,,,,,,,,,24801,156,nan,nan,nan,21889,20702,19991,19536,2777.439491
2024-09-13,Youtube,Jupiter,Jupiter,,KAR (_NA_Enter_Youtube_CTV_Non-s_ViAd_20 se_NC(2Ex(2_Kanna_NA_CPM (,Exchange,KAR,,,,,,,,,47629,0,nan,nan,nan,42473,41796,41482,41293,7136.972006
2024-09-13,Youtube,Jupiter,Jupiter,,KAR (_NA_Enter_Youtube_CTV_Non-s_ViAd_20 se_NC(2Ex(2_Kanna_NA_CPM (,NCEMI,KAR,,,,,,,,,47912,0,nan,nan,nan,42621,41891,41544,41347,7168.554599
2024-09-13,Youtube,Jupiter,Jupiter,,KAR (_SDS_Enter_Youtube_Deskt_Non-s_ViAd_20 se_NC(2Ex(2_Kanna_18-44_CPM (,Exchange,KAR,,,,,,,,,11989,67,nan,nan,nan,10462,9770,9343,9054,1349.990372
2024-09-13,Youtube,Jupiter,Jupiter,,KAR (_SDS_Enter_Youtube_Deskt_Non-s_ViAd_20 se_NC(2Ex(2_Kanna_18-44_CPM (,NCEMI,KAR,,,,,,,,,10138,73,nan,nan,nan,8748,8141,7776,7530,1134.790405
2024-09-13,Youtube,Jupiter,Jupiter,,KAR (_SS_Enter_Youtube_Deskt_Non-s_ViAd_20 se_NC(2Ex(2_Kanna_18-44_CPM (,Exchange,KAR,,,,,,,,,2995,13,nan,nan,nan,2610,2474,2384,2326,283.383279
2024-09-13,Youtube,Jupiter,Jupiter,,KAR (_SS_Enter_Youtube_Deskt_Non-s_ViAd_20 se_NC(2Ex(2_Kanna_18-44_CPM (,NCEMI,KAR,,,,,,,,,12581,90,nan,nan,nan,10763,10103,9747,9459,1467.864854
2024-09-13,Youtube,Jupiter,Jupiter,,KAR (_SUF_Enter_Youtube_Deskt_Non-s_ViAd_20 se_NC(2Ex(2_Kanna_18-44_CPM (,Exchange,KAR,,,,,,,,,16065,2,nan,nan,nan,13401,13175,13087,13015,1600.218405
2024-09-13,Youtube,Jupiter,Jupiter,,KAR (_SUF_Enter_Youtube_Deskt_Non-s_ViAd_20 se_NC(2Ex(2_Kanna_18-44_CPM (,NCEMI,KAR,,,,,,,,,16086,2,nan,nan,nan,13365,13118,13015,12950,1601.777391
2024-09-13,Youtube,Jupiter,Jupiter,,KAR (_VM_Enter_Youtube_Deskt_Non-s_ViAd_20 se_NC(2Ex(2_Kanna_18-44_CPM (,Exchange,KAR,,,,,,,,,6561,25,nan,nan,nan,5815,5545,5377,5269,662.84269
2024-09-13,Youtube,Jupiter,Jupiter,,KAR (_VM_Enter_Youtube_Deskt_Non-s_ViAd_20 se_NC(2Ex(2_Kanna_18-44_CPM (,NCEMI,KAR,,,,,,,,,15648,118,nan,nan,nan,13585,12851,12386,12097,1821.481181
2024-09-13,Youtube,Jupiter,Jupiter,,KER_BFP_Enter_Youtube_Deskt_Non-s_ViAd_20 se_NC(2Ex(2_Malay_18-44_CPM (,Exchange,KER,,,,,,,,,8817,55,nan,nan,nan,7497,7054,6799,6640,1045.203103
2024-09-13,Youtube,Jupiter,Jupiter,,KER_BFP_Enter_Youtube_Deskt_Non-s_ViAd_20 se_NC(2Ex(2_Malay_18-44_CPM (,NCEMI,KER,,,,,,,,,8887,58,nan,nan,nan,7585,7115,6860,6678,1067.469423
2024-09-13,Youtube,Jupiter,Jupiter,,KER_NA_Enter_Youtube_CTV_Non-s_ViAd_20 se_NC(2Ex(2_Malay_NA_CPM (,Exchange,KER,,,,,,,,,124927,0,nan,nan,nan,99509,96625,95625,94890,16755.158866
2024-09-13,Youtube,Jupiter,Jupiter,,KER_NA_Enter_Youtube_CTV_Non-s_ViAd_20 se_NC(2Ex(2_Malay_NA_CPM (,NCEMI,KER,,,,,,,,,124865,0,nan,nan,nan,99310,96232,95058,94370,16695.023988
2024-09-13,Youtube,Jupiter,Jupiter,,KER_SDS_Enter_Youtube_Deskt_Non-s_ViAd_20 se_NC(2Ex(2_Malay_18-44_CPM (,Exchange,KER,,,,,,,,,39737,231,nan,nan,nan,34252,32138,30964,30117,4734.004017
2024-09-13,Youtube,Jupiter,Jupiter,,KER_SDS_Enter_Youtube_Deskt_Non-s_ViAd_20 se_NC(2Ex(2_Malay_18-44_CPM (,NCEMI,KER,,,,,,,,,37725,222,nan,nan,nan,32394,30457,29325,28551,4512.839431
2024-09-13,Youtube,Jupiter,Jupiter,,KER_SS_Enter_Youtube_Deskt_Non-s_ViAd_20 se_NC(2Ex(2_Malay_18-44_CPM (,Exchange,KER,,,,,,,,,10315,61,nan,nan,nan,8789,8238,7892,7682,1226.414069
2024-09-13,Youtube,Jupiter,Jupiter,,KER_SS_Enter_Youtube_Deskt_Non-s_ViAd_20 se_NC(2Ex(2_Malay_18-44_CPM (,NCEMI,KER,,,,,,,,,10322,73,nan,nan,nan,8778,8210,7895,7679,1249.488957
2024-09-13,Youtube,Jupiter,Jupiter,,KER_SUF_Enter_Youtube_Deskt_Non-s_ViAd_20 se_NC(2Ex(2_Malay_18-44_CPM (,Exchange,KER,,,,,,,,,17501,115,nan,nan,nan,15317,14468,13977,13638,2076.405553
2024-09-13,Youtube,Jupiter,Jupiter,,KER_SUF_Enter_Youtube_Deskt_Non-s_ViAd_20 se_NC(2Ex(2_Malay_18-44_CPM (,NCEMI,KER,,,,,,,,,16694,80,nan,nan,nan,14584,13765,13289,12948,1999.725487
2024-09-13,Youtube,Jupiter,Jupiter,,KER_VM_Enter_Youtube_Deskt_Non-s_ViAd_20 se_NC(2Ex(2_Malay_18-44_CPM (,Exchange,KER,,,,,,,,,41171,239,nan,nan,nan,35599,33546,32336,31492,4813.313719
2024-09-13,Youtube,Jupiter,Jupiter,,KER_VM_Enter_Youtube_Deskt_Non-s_ViAd_20 se_NC(2Ex(2_Malay_18-44_CPM (,NCEMI,KER,,,,,,,,,37844,216,nan,nan,nan,32665,30795,29701,28980,4433.914898
2024-09-13,Youtube,Jupiter,Jupiter,,MH+Go_BFP_Enter_Youtube_Deskt_Non-s_ViAd_20 se_NC(2Ex(2_Marat_18-44_CPM (,Exchange,MH+Go,,,,,,,,,8165,72,nan,nan,nan,7215,6831,6582,6417,898.695327
2024-09-13,Youtube,Jupiter,Jupiter,,MH+Go_BFP_Enter_Youtube_Deskt_Non-s_ViAd_20 se_NC(2Ex(2_Marat_18-44_CPM (,NCEMI,MH+Go,,,,,,,,,4313,29,nan,nan,nan,3804,3617,3518,3448,430.825578
2024-09-13,Youtube,Jupiter,Jupiter,,MH+Go_BFP_Enter_Youtube_Deskt_Non-s_ViAd_20 se_NC(2Ex(2_Marat_18-44_CPM (,Exchange,MH+Go,,,,,,,,,9591,67,nan,nan,nan,8290,7799,7524,7339,1076.067682
2024-09-13,Youtube,Jupiter,Jupiter,,MH+Go_BFP_Enter_Youtube_Deskt_Non-s_ViAd_20 se_NC(2Ex(2_Marat_18-44_CPM (,NCEMI,MH+Go,,,,,,,,,8698,55,nan,nan,nan,7469,7026,6778,6642,996.510076
2024-09-13,Youtube,Jupiter,Jupiter,,MH+Go_NA_Enter_Youtube_CTV_Non-s_ViAd_20 se_NC(2Ex(2_Marat_NA_CPM (,Exchange,MH+Go,,,,,,,,,95777,0,nan,nan,nan,86358,85092,84532,84164,11502.016412
2024-09-13,Youtube,Jupiter,Jupiter,,MH+Go_NA_Enter_Youtube_CTV_Non-s_ViAd_20 se_NC(2Ex(2_Marat_NA_CPM (,NCEMI,MH+Go,,,,,,,,,94222,0,nan,nan,nan,84958,83736,83177,82808,11337.187026
2024-09-13,Youtube,Jupiter,Jupiter,,MH+Go_NA_Enter_Youtube_CTV_Non-s_ViAd_20 se_NC(2Ex(2_Marat_NA_CPM (,Exchange,MH+Go,,,,,,,,,97608,0,nan,nan,nan,88436,87242,86681,86324,11697.494538
2024-09-13,Youtube,Jupiter,Jupiter,,MH+Go_NA_Enter_Youtube_CTV_Non-s_ViAd_20 se_NC(2Ex(2_Marat_NA_CPM (,NCEMI,MH+Go,,,,,,,,,98177,0,nan,nan,nan,89013,87814,87223,86855,11782.291949
2024-09-13,Youtube,Jupiter,Jupiter,,MH+Go_SDS_Enter_Youtube_Deskt_Non-s_ViAd_20 se_NC(2Ex(2_Marat_18-44_CPM (,Exchange,MH+Go,,,,,,,,,19856,111,nan,nan,nan,17729,16858,16302,15958,2122.35625
2024-09-13,Youtube,Jupiter,Jupiter,,MH+Go_SDS_Enter_Youtube_Deskt_Non-s_ViAd_20 se_NC(2Ex(2_Marat_18-44_CPM (,NCEMI,MH+Go,,,,,,,,,15201,83,nan,nan,nan,13631,12978,12579,12314,1494.677042
2024-09-13,Youtube,Jupiter,Jupiter,,MH+Go_SDS_Enter_Youtube_Deskt_Non-s_ViAd_20 se_NC(2Ex(2_Marat_18-44_CPM (,Exchange,MH+Go,,,,,,,,,21284,151,nan,nan,nan,18789,17770,17186,16803,2341.819816
2024-09-13,Youtube,Jupiter,Jupiter,,MH+Go_SDS_Enter_Youtube_Deskt_Non-s_ViAd_20 se_NC(2Ex(2_Marat_18-44_CPM (,NCEMI,MH+Go,,,,,,,,,17236,108,nan,nan,nan,14991,14226,13773,13442,1926.097596
2024-09-13,Youtube,Jupiter,Jupiter,,MH+Go_SS_Enter_Youtube_Deskt_Non-s_ViAd_20 se_NC(2Ex(2_Marat_18-44_CPM (,Exchange,MH+Go,,,,,,,,,9101,60,nan,nan,nan,7961,7544,7320,7145,1004.639724
2024-09-13,Youtube,Jupiter,Jupiter,,MH+Go_SS_Enter_Youtube_Deskt_Non-s_ViAd_20 se_NC(2Ex(2_Marat_18-44_CPM (,NCEMI,MH+Go,,,,,,,,,5207,28,nan,nan,nan,4649,4429,4294,4191,523.921362
2024-09-13,Youtube,Jupiter,Jupiter,,MH+Go_SS_Enter_Youtube_Deskt_Non-s_ViAd_20 se_NC(2Ex(2_Marat_18-44_CPM (,Exchange,MH+Go,,,,,,,,,10353,89,nan,nan,nan,9020,8478,8191,7995,1172.220287
2024-09-13,Youtube,Jupiter,Jupiter,,MH+Go_SS_Enter_Youtube_Deskt_Non-s_ViAd_20 se_NC(2Ex(2_Marat_18-44_CPM (,NCEMI,MH+Go,,,,,,,,,9022,60,nan,nan,nan,7785,7339,7116,6965,1032.049357
2024-09-13,Youtube,Jupiter,Jupiter,,MH+Go_SUF_Enter_Youtube_Deskt_Non-s_ViAd_20 se_NC(2Ex(2_Marat_18-44_CPM (,Exchange,MH+Go,,,,,,,,,6495,46,nan,nan,nan,5680,5401,5228,5103,710.466007
2024-09-13,Youtube,Jupiter,Jupiter,,MH+Go_SUF_Enter_Youtube_Deskt_Non-s_ViAd_20 se_NC(2Ex(2_Marat_18-44_CPM (,NCEMI,MH+Go,,,,,,,,,3511,18,nan,nan,nan,3104,2969,2878,2813,353.071265
2024-09-13,Youtube,Jupiter,Jupiter,,MH+Go_SUF_Enter_Youtube_Deskt_Non-s_ViAd_20 se_NC(2Ex(2_Marat_18-44_CPM (,Exchange,MH+Go,,,,,,,,,7844,52,nan,nan,nan,6802,6447,6198,6041,884.239473
2024-09-13,Youtube,Jupiter,Jupiter,,MH+Go_SUF_Enter_Youtube_Deskt_Non-s_ViAd_20 se_NC(2Ex(2_Marat_18-44_CPM (,NCEMI,MH+Go,,,,,,,,,6782,41,nan,nan,nan,5896,5557,5362,5240,780.053095
2024-09-13,Youtube,Jupiter,Jupiter,,MH+Go_VM_Enter_Youtube_Deskt_Non-s_ViAd_20 se_NC(2Ex(2_Marat_18-44_CPM (,Exchange,MH+Go,,,,,,,,,20328,136,nan,nan,nan,18057,17173,16623,16258,2180.187756
2024-09-13,Youtube,Jupiter,Jupiter,,MH+Go_VM_Enter_Youtube_Deskt_Non-s_ViAd_20 se_NC(2Ex(2_Marat_18-44_CPM (,NCEMI,MH+Go,,,,,,,,,14229,62,nan,nan,nan,12748,12132,11738,11472,1390.825617
2024-09-13,Youtube,Jupiter,Jupiter,,MH+Go_VM_Enter_Youtube_Deskt_Non-s_ViAd_20 se_NC(2Ex(2_Marat_18-44_CPM (,Exchange,MH+Go,,,,,,,,,22722,167,nan,nan,nan,20169,19099,18470,18041,2528.600365
2024-09-13,Youtube,Jupiter,Jupiter,,MH+Go_VM_Enter_Youtube_Deskt_Non-s_ViAd_20 se_NC(2Ex(2_Marat_18-44_CPM (,NCEMI,MH+Go,,,,,,,,,18273,119,nan,nan,nan,16037,15210,14738,14421,2048.578214
2024-09-13,Youtube,Jupiter,Jupiter,,Metro_BFP_Enter_Youtube_Deskt_Non-s_ViAd_20 se_NC(2Ex(2_Hingl_18-44_CPM (,Exchange,Metro,,,,,,,,,94452,451,nan,nan,nan,86055,82314,79909,78186,11448.217724
2024-09-13,Youtube,Jupiter,Jupiter,,Metro_BFP_Enter_Youtube_Deskt_Non-s_ViAd_20 se_NC(2Ex(2_Hingl_18-44_CPM (,NCEMI,Metro,,,,,,,,,281426,1655,nan,nan,nan,248919,236418,229282,224618,34841.005723
2024-09-13,Youtube,Jupiter,Jupiter,,Metro_NA_Enter_Youtube_CTV_Non-s_ViAd_20 se_NC(2Ex(2_Hingl_NA_CPM (,Exchange,Metro,,,,,,,,,923407,0,nan,nan,nan,809793,799477,794558,791346,144409.56827
2024-09-13,Youtube,Jupiter,Jupiter,,Metro_NA_Enter_Youtube_CTV_Non-s_ViAd_20 se_NC(2Ex(2_Hingl_NA_CPM (,NCEMI,Metro,,,,,,,,,954906,0,nan,nan,nan,834772,823954,818937,815690,150559.239364
2024-09-13,Youtube,Jupiter,Jupiter,,Metro_SDS_Enter_Youtube_Deskt_Non-s_ViAd_20 se_NC(2Ex(2_Hingl_18-44_CPM (,Exchange,Metro,,,,,,,,,391446,2166,nan,nan,nan,355786,339363,329026,321487,46494.196889
2024-09-13,Youtube,Jupiter,Jupiter,,Metro_SDS_Enter_Youtube_Deskt_Non-s_ViAd_20 se_NC(2Ex(2_Hingl_18-44_CPM (,NCEMI,Metro,,,,,,,,,445848,2505,nan,nan,nan,397365,377504,365162,356765,54100.072718
2024-09-13,Youtube,Jupiter,Jupiter,,Metro_SS_Enter_Youtube_Deskt_Non-s_ViAd_20 se_NC(2Ex(2_Hingl_18-44_CPM (,Exchange,Metro,,,,,,,,,45918,228,nan,nan,nan,40667,38818,37618,36790,5334.913572
2024-09-13,Youtube,Jupiter,Jupiter,,Metro_SS_Enter_Youtube_Deskt_Non-s_ViAd_20 se_NC(2Ex(2_Hingl_18-44_CPM (,NCEMI,Metro,,,,,,,,,178956,1382,nan,nan,nan,156380,148172,143192,139960,22566.727768
2024-09-13,Youtube,Jupiter,Jupiter,,Metro_SUF_Enter_Youtube_Deskt_Non-s_ViAd_20 se_NC(2Ex(2_Hingl_18-44_CPM (,Exchange,Metro,,,,,,,,,104305,494,nan,nan,nan,94920,91037,88643,86876,12334.5971
2024-09-13,Youtube,Jupiter,Jupiter,,Metro_SUF_Enter_Youtube_Deskt_Non-s_ViAd_20 se_NC(2Ex(2_Hingl_18-44_CPM (,NCEMI,Metro,,,,,,,,,224257,1253,nan,nan,nan,198544,189140,183341,179401,27841.663353
2024-09-13,Youtube,Jupiter,Jupiter,,Metro_VM_Enter_Youtube_Deskt_Non-s_ViAd_20 se_NC(2Ex(2_Hingl_18-44_CPM (,Exchange,Metro,,,,,,,,,335331,1854,nan,nan,nan,304804,290671,281433,274752,39703.816886
2024-09-13,Youtube,Jupiter,Jupiter,,Metro_VM_Enter_Youtube_Deskt_Non-s_ViAd_20 se_NC(2Ex(2_Hingl_18-44_CPM (,NCEMI,Metro,,,,,,,,,630161,3699,nan,nan,nan,563949,537273,520856,509776,76339.084983
2024-09-13,Youtube,Jupiter,Jupiter,,TN (E_BFP_Enter_Youtube_Deskt_Non-s_ViAd_20 se_NC(2Ex(2_Tamil_18-44_CPM (,Exchange,TNE,,,,,,,,,15403,102,nan,nan,nan,13359,12628,12159,11825,1750.579695
2024-09-13,Youtube,Jupiter,Jupiter,,TN (E_BFP_Enter_Youtube_Deskt_Non-s_ViAd_20 se_NC(2Ex(2_Tamil_18-44_CPM (,NCEMI,TNE,,,,,,,,,13282,55,nan,nan,nan,11766,11129,10712,10471,1470.983311
2024-09-13,Youtube,Jupiter,Jupiter,,TN (E_NA_Enter_Youtube_CTV_Non-s_ViAd_20 se_NC(2Ex(2_Tamil_NA_CPM (,Exchange,TNE,,,,,,,,,23572,0,nan,nan,nan,21016,20691,20537,20430,3156.805171
2024-09-13,Youtube,Jupiter,Jupiter,,TN (E_NA_Enter_Youtube_CTV_Non-s_ViAd_20 se_NC(2Ex(2_Tamil_NA_CPM (,NCEMI,TNE,,,,,,,,,23434,0,nan,nan,nan,20925,20565,20376,20260,3141.926925
2024-09-13,Youtube,Jupiter,Jupiter,,TN (E_SDS_Enter_Youtube_Deskt_Non-s_ViAd_20 se_NC(2Ex(2_Tamil_18-44_CPM (,Exchange,TNE,,,,,,,,,17152,94,nan,nan,nan,14744,13864,13357,12985,1942.993134
2024-09-13,Youtube,Jupiter,Jupiter,,TN (E_SDS_Enter_Youtube_Deskt_Non-s_ViAd_20 se_NC(2Ex(2_Tamil_18-44_CPM (,NCEMI,TNE,,,,,,,,,14922,74,nan,nan,nan,13134,12410,11985,11687,1612.021162
2024-09-13,Youtube,Jupiter,Jupiter,,TN (E_SS_Enter_Youtube_Deskt_Non-s_ViAd_20 se_NC(2Ex(2_Tamil_18-44_CPM (,Exchange,TNE,,,,,,,,,13274,83,nan,nan,nan,11446,10710,10276,9976,1537.703896
2024-09-13,Youtube,Jupiter,Jupiter,,TN (E_SS_Enter_Youtube_Deskt_Non-s_ViAd_20 se_NC(2Ex(2_Tamil_18-44_CPM (,NCEMI,TNE,,,,,,,,,9453,34,nan,nan,nan,8304,7821,7555,7370,1052.256429
2024-09-13,Youtube,Jupiter,Jupiter,,TN (E_SUF_Enter_Youtube_Deskt_Non-s_ViAd_20 se_NC(2Ex(2_Tamil_18-44_CPM (,Exchange,TNE,,,,,,,,,16941,103,nan,nan,nan,14687,13842,13304,12944,1902.494281
2024-09-13,Youtube,Jupiter,Jupiter,,TN (E_SUF_Enter_Youtube_Deskt_Non-s_ViAd_20 se_NC(2Ex(2_Tamil_18-44_CPM (,NCEMI,TNE,,,,,,,,,14302,84,nan,nan,nan,12540,11883,11489,11204,1538.766539
2024-09-13,Youtube,Jupiter,Jupiter,,TN (E_VM_Enter_Youtube_Deskt_Non-s_ViAd_20 se_NC(2Ex(2_Tamil_18-44_CPM (,Exchange,TNE,,,,,,,,,17838,91,nan,nan,nan,15374,14503,13923,13576,2027.967872
2024-09-13,Youtube,Jupiter,Jupiter,,TN (E_VM_Enter_Youtube_Deskt_Non-s_ViAd_20 se_NC(2Ex(2_Tamil_18-44_CPM (,NCEMI,TNE,,,,,,,,,13183,59,nan,nan,nan,11508,10879,10525,10273,1419.601043
2024-09-13,Youtube,Jupiter,Jupiter,,UP+UK_BFP_Enter_Youtube_Deskt_Non-s_ViAd_20 se_NC(2Ex(2_Hingl_18-44_CPM (,NCEMI,UP+UK,,,,,,,,,36330,316,nan,nan,nan,31975,30239,29211,28487,4164.49935
2024-09-13,Youtube,Jupiter,Jupiter,,UP+UK_BFP_Enter_Youtube_Deskt_Non-s_ViAd_20 se_NC(2Ex(2_Hingl_18-44_CPM (,Exchange,UP+UK,,,,,,,,,16920,120,nan,nan,nan,15042,14323,13855,13496,1803.031689
2024-09-13,Youtube,Jupiter,Jupiter,,UP+UK_NA_Enter_Youtube_CTV_Non-s_ViAd_20 se_NC(2Ex(2_Hingl_NA_CPM (,Exchange,UP+UK,,,,,,,,,364099,0,nan,nan,nan,325087,319864,317621,316165,52989.241163
2024-09-13,Youtube,Jupiter,Jupiter,,UP+UK_NA_Enter_Youtube_CTV_Non-s_ViAd_20 se_NC(2Ex(2_Hingl_NA_CPM (,NCEMI,UP+UK,,,,,,,,,364871,0,nan,nan,nan,325462,320409,318271,316896,53132.04447
2024-09-13,Youtube,Jupiter,Jupiter,,UP+UK_SDS_Enter_Youtube_Deskt_Non-s_ViAd_20 se_NC(2Ex(2_Hingl_18-44_CPM (,NCEMI,UP+UK,,,,,,,,,147102,995,nan,nan,nan,132500,126006,121725,118741,16222.315891
2024-09-13,Youtube,Jupiter,Jupiter,,UP+UK_SDS_Enter_Youtube_Deskt_Non-s_ViAd_20 se_NC(2Ex(2_Hingl_18-44_CPM (,Exchange,UP+UK,,,,,,,,,102997,718,nan,nan,nan,92716,87976,85043,82823,10853.990701
2024-09-13,Youtube,Jupiter,Jupiter,,UP+UK_SS_Enter_Youtube_Deskt_Non-s_ViAd_20 se_NC(2Ex(2_Hingl_18-44_CPM (,Exchange,UP+UK,,,,,,,,,7510,44,nan,nan,nan,6635,6272,6074,5910,737.597294
2024-09-13,Youtube,Jupiter,Jupiter,,UP+UK_SS_Enter_Youtube_Deskt_Non-s_ViAd_20 se_NC(2Ex(2_Hingl_18-44_CPM (,NCEMI,UP+UK,,,,,,,,,18303,171,nan,nan,nan,16072,15193,14651,14286,2066.625628
2024-09-13,Youtube,Jupiter,Jupiter,,UP+UK_SUF_Enter_Youtube_Deskt_Non-s_ViAd_20 se_NC(2Ex(2_Hingl_18-44_CPM (,NCEMI,UP+UK,,,,,,,,,61794,506,nan,nan,nan,54751,51878,50108,48904,6911.663697
2024-09-13,Youtube,Jupiter,Jupiter,,UP+UK_SUF_Enter_Youtube_Deskt_Non-s_ViAd_20 se_NC(2Ex(2_Hingl_18-44_CPM (,Exchange,UP+UK,,,,,,,,,42572,287,nan,nan,nan,38252,36391,35223,34438,4470.647385
2024-09-13,Youtube,Jupiter,Jupiter,,UP+UK_VM_Enter_Youtube_Deskt_Non-s_ViAd_20 se_NC(2Ex(2_Hingl_18-44_CPM (,Exchange,UP+UK,,,,,,,,,121184,795,nan,nan,nan,108620,103141,99721,97231,12843.360852
2024-09-13,Youtube,Jupiter,Jupiter,,UP+UK_VM_Enter_Youtube_Deskt_Non-s_ViAd_20 se_NC(2Ex(2_Hingl_18-44_CPM (,NCEMI,UP+UK,,,,,,,,,179320,1245,nan,nan,nan,160759,152617,147493,143846,19932.672961
2024-09-13,Youtube,Jupiter,Jupiter,,WB (E_BFP_Enter_Youtube_Deskt_Non-s_ViAd_20 se_NC(2Ex(2_Benga_18-44_CPM (,Exchange,WB,,,,,,,,,8187,54,nan,nan,nan,6969,6491,6209,6042,892.369075
2024-09-13,Youtube,Jupiter,Jupiter,,WB (E_BFP_Enter_Youtube_Deskt_Non-s_ViAd_20 se_NC(2Ex(2_Benga_18-44_CPM (,NCEMI,WB,,,,,,,,,8408,45,nan,nan,nan,7249,6803,6520,6344,919.881543
2024-09-13,Youtube,Jupiter,Jupiter,,WB (E_NA_Enter_Youtube_CTV_Non-s_ViAd_20 se_NC(2Ex(2_Benga_NA_CPM (,Exchange,WB,,,,,,,,,41843,0,nan,nan,nan,37598,36968,36681,36515,6540.008763
2024-09-13,Youtube,Jupiter,Jupiter,,WB (E_NA_Enter_Youtube_CTV_Non-s_ViAd_20 se_NC(2Ex(2_Benga_NA_CPM (,NCEMI,WB,,,,,,,,,41842,0,nan,nan,nan,37714,37090,36819,36667,6541.688479
2024-09-13,Youtube,Jupiter,Jupiter,,WB (E_SDS_Enter_Youtube_Deskt_Non-s_ViAd_20 se_NC(2Ex(2_Benga_18-44_CPM (,Exchange,WB,,,,,,,,,10887,68,nan,nan,nan,9278,8706,8362,8118,1141.214978
2024-09-13,Youtube,Jupiter,Jupiter,,WB (E_SDS_Enter_Youtube_Deskt_Non-s_ViAd_20 se_NC(2Ex(2_Benga_18-44_CPM (,NCEMI,WB,,,,,,,,,11202,76,nan,nan,nan,9591,9013,8692,8443,1176.234208
2024-09-13,Youtube,Jupiter,Jupiter,,WB (E_SS_Enter_Youtube_Deskt_Non-s_ViAd_20 se_NC(2Ex(2_Benga_18-44_CPM (,Exchange,WB,,,,,,,,,4855,27,nan,nan,nan,4145,3905,3789,3698,499.152593
2024-09-13,Youtube,Jupiter,Jupiter,,WB (E_SS_Enter_Youtube_Deskt_Non-s_ViAd_20 se_NC(2Ex(2_Benga_18-44_CPM (,NCEMI,WB,,,,,,,,,4788,21,nan,nan,nan,4069,3810,3662,3571,500.864951
2024-09-13,Youtube,Jupiter,Jupiter,,WB (E_SUF_Enter_Youtube_Deskt_Non-s_ViAd_20 se_NC(2Ex(2_Benga_18-44_CPM (,Exchange,WB,,,,,,,,,16751,4,nan,nan,nan,14312,14042,13945,13883,1523.837792
2024-09-13,Youtube,Jupiter,Jupiter,,WB (E_SUF_Enter_Youtube_Deskt_Non-s_ViAd_20 se_NC(2Ex(2_Benga_18-44_CPM (,NCEMI,WB,,,,,,,,,16783,7,nan,nan,nan,14319,14049,13942,13872,1518.521863
2024-09-13,Youtube,Jupiter,Jupiter,,WB (E_VM_Enter_Youtube_Deskt_Non-s_ViAd_20 se_NC(2Ex(2_Benga_18-44_CPM (,Exchange,WB,,,,,,,,,10438,70,nan,nan,nan,8941,8352,8015,7803,1111.828695
2024-09-13,Youtube,Jupiter,Jupiter,,WB (E_VM_Enter_Youtube_Deskt_Non-s_ViAd_20 se_NC(2Ex(2_Benga_18-44_CPM (,NCEMI,WB,,,,,,,,,11225,70,nan,nan,nan,9660,9059,8691,8447,1205.314943
