Date,Publisher,Line Item Name,Impressions,Clicks,Views,25% Views,50% Views,75% Views,100% Views,Spends
2024-09-17,Youtube,"AP + _BFP_Enter_Youtube_Deskt_Non-s_ViAd_10 se_H&K, _Hingl_18MFBF_CPM (",29400,95,25029.0,0.0,0.0,0.0,0.0,3234.0
2024-09-17,Youtube,AP + _NA_Enter_Youtube_CTV_Non-s_ViAd_10 se_Fashi_Hingl_18MFOnSh_CPM (,96339,9,84115.0,0.0,0.0,0.0,0.0,14354.510999999999
2024-09-17,Youtube,AP + _SDS_Enter_Youtube_Deskt_Non-s_ViAd_10 se_Fashi_Hingl_18MFSD_CPM (,82946,293,70585.0,0.0,0.0,0.0,0.0,9124.06
2024-09-17,Youtube,"AP + _SS_Enter_Youtube_Deskt_Non-s_ViAd_10 se_H&K, _Hingl_18MFSS_CPM (",22718,67,19367.0,0.0,0.0,0.0,0.0,2498.98
2024-09-17,Youtube,AP + _SUF_Enter_Youtube_Deskt_Non-s_ViAd_10 se_Fashi_Hingl_18MFSU_CPM (,24738,81,21009.0,0.0,0.0,0.0,0.0,2721.1800000000003
2024-09-17,Youtube,AP + _VM_Enter_Youtube_Deskt_Non-s_ViAd_10 se_Fashi_Hingl_18MFVM_CPM (,77131,293,65405.0,0.0,0.0,0.0,0.0,8484.41
2024-09-17,Youtube,"HSM_BFP_Enter_Youtube_Deskt_Non-s_ViAd_10 se_H&K, _Hingl_18MFBF_CPM (",138970,526,119037.0,0.0,0.0,0.0,0.0,15286.7
2024-09-17,Youtube,HSM_NA_Enter_Youtube_CTV_Non-s_ViAd_10 se_Fashi_Hingl_18MFOnSh_CPM (,635984,49,582737.0,0.0,0.0,0.0,0.0,94761.61600000001
2024-09-17,Youtube,HSM_SDS_Enter_Youtube_Deskt_Non-s_ViAd_10 se_Fashi_Hingl_18MFSD_CPM (,751205,3024,648696.0,0.0,0.0,0.0,0.0,82632.55
2024-09-17,Youtube,"HSM_SS_Enter_Youtube_Deskt_Non-s_ViAd_10 se_H&K, _Hingl_18MFSS_CPM (",114352,401,98045.0,0.0,0.0,0.0,0.0,12578.720000000001
2024-09-17,Youtube,HSM_SUF_Enter_Youtube_Deskt_Non-s_ViAd_10 se_Fashi_Hingl_18MFSU_CPM (,215243,760,184484.0,0.0,0.0,0.0,0.0,23676.73
2024-09-17,Youtube,HSM_VM_Enter_Youtube_Deskt_Non-s_ViAd_10 se_Fashi_Hingl_18MFVM_CPM (,623096,2468,541729.0,0.0,0.0,0.0,0.0,68540.56
2024-09-17,Youtube,"Karna_BFP_Enter_Youtube_Deskt_Non-s_ViAd_10 se_H&K, _Hingl_18MFBF_CPM (",13299,45,11327.0,0.0,0.0,0.0,0.0,1462.8899999999999
2024-09-17,Youtube,Karna_NA_Enter_Youtube_CTV_Non-s_ViAd_10 se_Fashi_Hingl_18MFOnSh_CPM (,19897,1,17665.0,0.0,0.0,0.0,0.0,2964.653
2024-09-17,Youtube,Karna_SDS_Enter_Youtube_Deskt_Non-s_ViAd_10 se_Fashi_Hingl_18MFSD_CPM (,25533,97,21746.0,0.0,0.0,0.0,0.0,2808.63
2024-09-17,Youtube,"Karna_SS_Enter_Youtube_Deskt_Non-s_ViAd_10 se_H&K, _Hingl_18MFSS_CPM (",6566,19,5670.0,0.0,0.0,0.0,0.0,722.26
2024-09-17,Youtube,Karna_SUF_Enter_Youtube_Deskt_Non-s_ViAd_10 se_Fashi_Hingl_18MFSU_CPM (,10258,33,8943.0,0.0,0.0,0.0,0.0,1128.38
2024-09-17,Youtube,Karna_VM_Enter_Youtube_Deskt_Non-s_ViAd_10 se_Fashi_Hingl_18MFVM_CPM (,24730,102,21153.0,0.0,0.0,0.0,0.0,2720.3
2024-09-17,Youtube,"Kerel_BFP_Enter_Youtube_Deskt_Non-s_ViAd_10 se_H&K, _Hingl_18MFBF_CPM (",24357,91,19967.0,0.0,0.0,0.0,0.0,2679.27
2024-09-17,Youtube,Kerel_NA_Enter_Youtube_CTV_Non-s_ViAd_10 se_Fashi_Hingl_18MFOnSh_CPM (,50925,2,42723.0,0.0,0.0,0.0,0.0,7587.825
2024-09-17,Youtube,Kerel_SDS_Enter_Youtube_Deskt_Non-s_ViAd_10 se_Fashi_Hingl_18MFSD_CPM (,88074,323,72988.0,0.0,0.0,0.0,0.0,9688.14
2024-09-17,Youtube,"Kerel_SS_Enter_Youtube_Deskt_Non-s_ViAd_10 se_H&K, _Hingl_18MFSS_CPM (",17851,76,14572.0,0.0,0.0,0.0,0.0,1963.6100000000001
2024-09-17,Youtube,Kerel_SUF_Enter_Youtube_Deskt_Non-s_ViAd_10 se_Fashi_Hingl_18MFSU_CPM (,40207,137,33237.0,0.0,0.0,0.0,0.0,4422.77
2024-09-17,Youtube,Kerel_VM_Enter_Youtube_Deskt_Non-s_ViAd_10 se_Fashi_Hingl_18MFVM_CPM (,84583,304,70634.0,0.0,0.0,0.0,0.0,9304.130000000001
2024-09-17,Youtube,"Mah +_BFP_Enter_Youtube_Deskt_Non-s_ViAd_10 se_H&K, _Hingl_18MFBF_CPM (",25004,76,21433.0,0.0,0.0,0.0,0.0,2750.44
2024-09-17,Youtube,Mah +_NA_Enter_Youtube_CTV_Non-s_ViAd_10 se_Fashi_Hingl_18MFOnSh_CPM (,109876,10,95299.0,0.0,0.0,0.0,0.0,16371.524
2024-09-17,Youtube,Mah +_SDS_Enter_Youtube_Deskt_Non-s_ViAd_10 se_Fashi_Hingl_18MFSD_CPM (,82807,287,70956.0,0.0,0.0,0.0,0.0,9108.77
2024-09-17,Youtube,"Mah +_SS_Enter_Youtube_Deskt_Non-s_ViAd_10 se_H&K, _Hingl_18MFSS_CPM (",28284,93,24394.0,0.0,0.0,0.0,0.0,3111.24
2024-09-17,Youtube,Mah +_SUF_Enter_Youtube_Deskt_Non-s_ViAd_10 se_Fashi_Hingl_18MFSU_CPM (,28973,99,24926.0,0.0,0.0,0.0,0.0,3187.03
2024-09-17,Youtube,Mah +_VM_Enter_Youtube_Deskt_Non-s_ViAd_10 se_Fashi_Hingl_18MFVM_CPM (,82680,274,71119.0,0.0,0.0,0.0,0.0,9094.8
2024-09-17,Youtube,"Metro_BFP_Enter_Youtube_Deskt_Non-s_ViAd_10 se_H&K, _Hingl_18MFBF_CPM (",36480,162,31302.0,0.0,0.0,0.0,0.0,4012.8
2024-09-17,Youtube,Metro_NA_Enter_Youtube_CTV_Non-s_ViAd_10 se_Fashi_Hingl_18MFOnSh_CPM (,181309,4,157533.0,0.0,0.0,0.0,0.0,27015.041
2024-09-17,Youtube,Metro_SDS_Enter_Youtube_Deskt_Non-s_ViAd_10 se_Fashi_Hingl_18MFSD_CPM (,116531,437,100370.0,0.0,0.0,0.0,0.0,12818.41
2024-09-17,Youtube,"Metro_SS_Enter_Youtube_Deskt_Non-s_ViAd_10 se_H&K, _Hingl_18MFSS_CPM (",40433,147,34736.0,0.0,0.0,0.0,0.0,4447.63
2024-09-17,Youtube,Metro_SUF_Enter_Youtube_Deskt_Non-s_ViAd_10 se_Fashi_Hingl_18MFSU_CPM (,42149,139,36261.0,0.0,0.0,0.0,0.0,4636.389999999999
2024-09-17,Youtube,Metro_VM_Enter_Youtube_Deskt_Non-s_ViAd_10 se_Fashi_Hingl_18MFVM_CPM (,115695,445,99769.0,0.0,0.0,0.0,0.0,12726.45
2024-09-17,Youtube,"TN_BFP_Enter_Youtube_Deskt_Non-s_ViAd_10 se_H&K, _Hingl_18MFBF_CPM (",11875,52,9967.0,0.0,0.0,0.0,0.0,1306.25
2024-09-17,Youtube,TN_NA_Enter_Youtube_CTV_Non-s_ViAd_10 se_Fashi_Hingl_18MFOnSh_CPM (,39600,2,35301.0,0.0,0.0,0.0,0.0,5900.4
2024-09-17,Youtube,TN_SDS_Enter_Youtube_Deskt_Non-s_ViAd_10 se_Fashi_Hingl_18MFSD_CPM (,36682,142,30593.0,0.0,0.0,0.0,0.0,4035.0199999999995
2024-09-17,Youtube,"TN_SS_Enter_Youtube_Deskt_Non-s_ViAd_10 se_H&K, _Hingl_18MFSS_CPM (",9966,22,8373.0,0.0,0.0,0.0,0.0,1096.26
2024-09-17,Youtube,TN_SUF_Enter_Youtube_Deskt_Non-s_ViAd_10 se_Fashi_Hingl_18MFSU_CPM (,10830,43,9077.0,0.0,0.0,0.0,0.0,1191.3
2024-09-17,Youtube,TN_VM_Enter_Youtube_Deskt_Non-s_ViAd_10 se_Fashi_Hingl_18MFVM_CPM (,34187,116,28545.0,0.0,0.0,0.0,0.0,3760.5699999999997
2024-09-17,Youtube,"UP + _BFP_Enter_Youtube_Deskt_Non-s_ViAd_10 se_H&K, _Hingl_18MFBF_CPM (",73153,289,63186.0,0.0,0.0,0.0,0.0,8046.83
2024-09-17,Youtube,UP + _NA_Enter_Youtube_CTV_Non-s_ViAd_10 se_Fashi_Hingl_18MFOnSh_CPM (,280686,13,255698.0,0.0,0.0,0.0,0.0,41822.214
2024-09-17,Youtube,UP + _SDS_Enter_Youtube_Deskt_Non-s_ViAd_10 se_Fashi_Hingl_18MFSD_CPM (,275888,1232,239793.0,0.0,0.0,0.0,0.0,30347.68
2024-09-17,Youtube,"UP + _SS_Enter_Youtube_Deskt_Non-s_ViAd_10 se_H&K, _Hingl_18MFSS_CPM (",35170,120,30206.0,0.0,0.0,0.0,0.0,3868.7
2024-09-17,Youtube,UP + _SUF_Enter_Youtube_Deskt_Non-s_ViAd_10 se_Fashi_Hingl_18MFSU_CPM (,118671,499,102422.0,0.0,0.0,0.0,0.0,13053.81
2024-09-17,Youtube,UP + _VM_Enter_Youtube_Deskt_Non-s_ViAd_10 se_Fashi_Hingl_18MFVM_CPM (,320751,1297,278636.0,0.0,0.0,0.0,0.0,35282.61
2024-09-17,Youtube,WB_BFP_Enter_Youtube_Deskt_Non-s_ViAd_10 se_Fashi_Hingl_18MFBF_CPM (,7181,22,5946.0,0.0,0.0,0.0,0.0,789.9100000000001
2024-09-17,Youtube,WB_NA_Enter_Youtube_CTV_Non-s_ViAd_10 se_Fashi_Hingl_18MFOnSh_CPM (,15262,0,13867.0,0.0,0.0,0.0,0.0,2274.038
2024-09-17,Youtube,WB_SDS_Enter_Youtube_Deskt_Non-s_ViAd_10 se_Fashi_Hingl_18MFSD_CPM (,25695,77,21323.0,0.0,0.0,0.0,0.0,2826.45
2024-09-17,Youtube,WB_SS_Enter_Youtube_Deskt_Non-s_ViAd_10 se_Fashi_Hingl_18MFSS_CPM (,4056,16,3405.0,0.0,0.0,0.0,0.0,446.15999999999997
2024-09-17,Youtube,WB_SUF_Enter_Youtube_Deskt_Non-s_ViAd_10 se_Fashi_Hingl_18MFSU_CPM (,10452,36,8744.0,0.0,0.0,0.0,0.0,1149.72
2024-09-17,Youtube,WB_VM_Enter_Youtube_Deskt_Non-s_ViAd_10 se_Fashi_Hingl_18MFVM_CPM (,25131,76,21060.0,0.0,0.0,0.0,0.0,2764.41
2024-09-18,DMP,"AP + _NA_Netwo_DMP (DSP) - DV_Deskt_RON_Di_-_WL, C_Engli_18MFAmexau+SeCa(p_CPM",75625,1364,0.0,0.0,0.0,0.0,0.0,3299.109417
2024-09-18,DMP,"AP + _NA_Netwo_DMP (DSP) - TTD_Deskt_RON_Di_-_WL, C_Engli_18MFAmexau+SeCa(p_CPM",144206,4523,0.0,0.0,0.0,0.0,0.0,8357.096027434996
2024-09-18,DMP,"HSM_NA_Netwo_DMP (DSP) - DV_Deskt_RON_Di_-_WL, C_Engli_18MFAmexau+SeCa(p_CPM",432511,10772,0.0,0.0,0.0,0.0,0.0,21989.538398
2024-09-18,DMP,"HSM_NA_Netwo_DMP (DSP) - TTD_Deskt_RON_Di_-_WL, C_Engli_18MFAmexau+SeCa(p_CPM",1040063,27754,0.0,0.0,0.0,0.0,0.0,60258.345904605114
2024-09-18,DMP,"Karna_NA_Netwo_DMP (DSP) - DV_Deskt_RON_Di_-_WL, C_Engli_18MFAmexau+SeCa(p_CPM",18537,148,0.0,0.0,0.0,0.0,0.0,890.0883
2024-09-18,DMP,"Karna_NA_Netwo_DMP (DSP) - TTD_Deskt_RON_Di_-_WL, C_Engli_18MFAmexau+SeCa(p_CPM",50340,1572,0.0,0.0,0.0,0.0,0.0,2914.7255920218818
2024-09-18,DMP,"Kerel_NA_Netwo_DMP (DSP) - DV_Deskt_RON_Di_-_WL, C_Engli_18MFAmexau+SeCa(p_CPM",64935,1974,0.0,0.0,0.0,0.0,0.0,3402.228175
2024-09-18,DMP,"Kerel_NA_Netwo_DMP (DSP) - TTD_Deskt_RON_Di_-_WL, C_Engli_18MFAmexau+SeCa(p_CPM",159351,5066,0.0,0.0,0.0,0.0,0.0,9233.260447952312
2024-09-18,DMP,"Mah +_NA_Netwo_DMP (DSP) - DV_Deskt_RON_Di_-_WL, C_Engli_18MFAmexau+SeCa(p_CPM",62827,1450,0.0,0.0,0.0,0.0,0.0,3074.882152
2024-09-18,DMP,"Mah +_NA_Netwo_DMP (DSP) - TTD_Deskt_RON_Di_-_WL, C_Engli_18MFAmexau+SeCa(p_CPM",155158,4291,0.0,0.0,0.0,0.0,0.0,8984.761963491666
2024-09-18,DMP,"Metro_NA_Netwo_DMP (DSP) - DV_Deskt_RON_Di_-_WL, C_Engli_18MFAmexau+SeCa(p_CPM",870950,15590,0.0,0.0,0.0,0.0,0.0,42806.013448
2024-09-18,DMP,"Metro_NA_Netwo_DMP (DSP) - TTD_Deskt_RON_Di_-_WL, C_Engli_18MFAmexau+SeCa(p_CPM",2179868,40130,0.0,0.0,0.0,0.0,0.0,126317.04470211688
2024-09-18,DMP,"Pan I_NA_Netwo_DMP (DV)_Deskt_RON_Di_-_CEPC,_Engli_18MFAmexau+SeCa(p_CPM",204545,3155,0.0,0.0,0.0,0.0,0.0,11834.493215189506
2024-09-18,DMP,"Pan I_NA_Netwo_DMP (TTD)_Deskt_RON_Di_-_CEPC,_Engli_18MFAmexau+SeCa(p_CPM",219646,4500,0.0,0.0,0.0,0.0,0.0,12100.770865
2024-09-18,DMP,"TN_NA_Netwo_DMP (DSP) - DV_Deskt_RON_Di_-_WL, C_Engli_18MFAmexau+SeCa(p_CPM",30161,343,0.0,0.0,0.0,0.0,0.0,1240.254041
2024-09-18,DMP,"TN_NA_Netwo_DMP (DSP) - TTD_Deskt_RON_Di_-_WL, C_Engli_18MFAmexau+SeCa(p_CPM",64247,1238,0.0,0.0,0.0,0.0,0.0,3719.8598807030276
2024-09-18,DMP,"UP + _NA_Netwo_DMP (DSP) - DV_Deskt_RON_Di_-_WL, C_Engli_18MFAmexau+SeCa(p_CPM",181693,4146,0.0,0.0,0.0,0.0,0.0,9785.172041
2024-09-18,DMP,"UP + _NA_Netwo_DMP (DSP) - TTD_Deskt_RON_Di_-_WL, C_Engli_18MFAmexau+SeCa(p_CPM",487223,12099,0.0,0.0,0.0,0.0,0.0,28235.15335689537
2024-09-18,DMP,WB_NA_Netwo_DMP (DSP) - DV_Deskt_RON_Di_-_RTB/A_Engli_18MFAmexau+SeCa(p_CPM,28327,859,0.0,0.0,0.0,0.0,0.0,1622.171343
2024-09-18,DMP,WB_NA_Netwo_DMP (DSP) - TTD_Deskt_RON_Di_-_RTB/A_Engli_18MFAmexau+SeCa(p_CPM,68258,1759,0.0,0.0,0.0,0.0,0.0,3952.1115817302334
2024-09-18,DSP,"AP + _BFP_Netwo_DSP (Acxiom)_Deskt_RON_Di_-_WL, C_Engli_18MFBF_CPM",38634,38,0.0,0.0,0.0,0.0,0.0,4056.5699999999997
2024-09-18,DSP,"AP + _SDS_Netwo_DSP (Acxiom)_Deskt_RON_Di_-_SL, O_Engli_18MFSD_CPM",62182,64,0.0,0.0,0.0,0.0,0.0,6529.110000000001
2024-09-18,DSP,"AP + _SS_Netwo_DSP (Acxiom)_Deskt_RON_Di_-_WL, C_Engli_18MFSS_CPM",41693,29,0.0,0.0,0.0,0.0,0.0,4377.765
2024-09-18,DSP,"AP + _SUF_Netwo_DSP (Acxiom)_Deskt_RON_Di_-_WL, C_Engli_18MFSU_CPM",44627,54,0.0,0.0,0.0,0.0,0.0,4685.835
2024-09-18,DSP,"AP + _VM_Netwo_DSP (Acxiom)_Deskt_RON_Di_-_SL, O_Engli_18MFVM_CPM",83186,95,0.0,0.0,0.0,0.0,0.0,8734.53
2024-09-18,DSP,"HSM_BFP_Netwo_DSP (Acxiom)_Deskt_RON_Di_-_WL, C_Engli_18MFBF_CPM",142078,144,0.0,0.0,0.0,0.0,0.0,14918.19
2024-09-18,DSP,"HSM_SDS_Netwo_DSP (Acxiom)_Deskt_RON_Di_-_SL, O_Engli_18MFSD_CPM",201695,226,0.0,0.0,0.0,0.0,0.0,21177.975000000002
2024-09-18,DSP,"HSM_SS_Netwo_DSP (Acxiom)_Deskt_RON_Di_-_WL, C_Engli_18MFSS_CPM",129170,153,0.0,0.0,0.0,0.0,0.0,13562.85
2024-09-18,DSP,"HSM_SUF_Netwo_DSP (Acxiom)_Deskt_RON_Di_-_WL, C_Engli_18MFSU_CPM",174715,206,0.0,0.0,0.0,0.0,0.0,18345.075
2024-09-18,DSP,"HSM_VM_Netwo_DSP (Acxiom)_Deskt_RON_Di_-_SL, O_Engli_18MFVM_CPM",209158,230,0.0,0.0,0.0,0.0,0.0,21961.59
2024-09-18,DSP,"Karna_BFP_Netwo_DSP (Acxiom)_Deskt_RON_Di_-_WL, C_Engli_18MFBF_CPM",25144,21,0.0,0.0,0.0,0.0,0.0,2640.12
2024-09-18,DSP,"Karna_SDS_Netwo_DSP (Acxiom)_Deskt_RON_Di_-_SL, O_Engli_18MFSD_CPM",49512,52,0.0,0.0,0.0,0.0,0.0,5198.76
2024-09-18,DSP,"Karna_SS_Netwo_DSP (Acxiom)_Deskt_RON_Di_-_WL, C_Engli_18MFSS_CPM",12514,13,0.0,0.0,0.0,0.0,0.0,1313.97
2024-09-18,DSP,"Karna_SUF_Netwo_DSP (Acxiom)_Deskt_RON_Di_-_WL, C_Engli_18MFSU_CPM",19411,21,0.0,0.0,0.0,0.0,0.0,2038.155
2024-09-18,DSP,"Karna_VM_Netwo_DSP (Acxiom)_Deskt_RON_Di_-_SL, O_Engli_18MFVM_CPM",47430,34,0.0,0.0,0.0,0.0,0.0,4980.15
2024-09-18,DSP,"Kerel_BFP_Netwo_DSP (Acxiom)_Deskt_RON_Di_-_WL, C_Engli_18MFBF_CPM",17495,36,0.0,0.0,0.0,0.0,0.0,1836.975
2024-09-18,DSP,"Kerel_SDS_Netwo_DSP (Acxiom)_Deskt_RON_Di_-_SL, O_Engli_18MFSD_CPM",20500,33,0.0,0.0,0.0,0.0,0.0,2152.5
2024-09-18,DSP,"Kerel_SS_Netwo_DSP (Acxiom)_Deskt_RON_Di_-_WL, C_Engli_18MFSS_CPM",16333,28,0.0,0.0,0.0,0.0,0.0,1714.965
2024-09-18,DSP,"Kerel_SUF_Netwo_DSP (Acxiom)_Deskt_RON_Di_-_WL, C_Engli_18MFSU_CPM",18517,31,0.0,0.0,0.0,0.0,0.0,1944.285
2024-09-18,DSP,"Kerel_VM_Netwo_DSP (Acxiom)_Deskt_RON_Di_-_SL, O_Engli_18MFVM_CPM",20503,42,0.0,0.0,0.0,0.0,0.0,2152.815
2024-09-18,DSP,"Mah +_BFP_Netwo_DSP (Acxiom)_Deskt_RON_Di_-_WL, C_Engli_18MFBF_CPM",34558,27,0.0,0.0,0.0,0.0,0.0,3628.59
2024-09-18,DSP,"Mah +_SDS_Netwo_DSP (Acxiom)_Deskt_RON_Di_-_SL, O_Engli_18MFSD_CPM",72953,57,0.0,0.0,0.0,0.0,0.0,7660.065
2024-09-18,DSP,"Mah +_SS_Netwo_DSP (Acxiom)_Deskt_RON_Di_-_WL, C_Engli_18MFSS_CPM",38626,26,0.0,0.0,0.0,0.0,0.0,4055.73
2024-09-18,DSP,"Mah +_SUF_Netwo_DSP (Acxiom)_Deskt_RON_Di_-_WL, C_Engli_18MFSU_CPM",40881,42,0.0,0.0,0.0,0.0,0.0,4292.505
2024-09-18,DSP,"Mah +_VM_Netwo_DSP (Acxiom)_Deskt_RON_Di_-_SL, O_Engli_18MFVM_CPM",57618,62,0.0,0.0,0.0,0.0,0.0,6049.889999999999
2024-09-18,DSP,"Metro_BFP_Netwo_DSP (Acxiom)_Deskt_RON_Di_-_WL, C_Engli_18MFBF_CPM",104305,122,0.0,0.0,0.0,0.0,0.0,10952.025
2024-09-18,DSP,"Metro_SDS_Netwo_DSP (Acxiom)_Deskt_RON_Di_-_SL, O_Engli_18MFSD_CPM",117058,115,0.0,0.0,0.0,0.0,0.0,12291.09
2024-09-18,DSP,"Metro_SS_Netwo_DSP (Acxiom)_Deskt_RON_Di_-_WL, C_Engli_18MFSS_CPM",105524,115,0.0,0.0,0.0,0.0,0.0,11080.02
2024-09-18,DSP,"Metro_SUF_Netwo_DSP (Acxiom)_Deskt_RON_Di_-_WL, C_Engli_18MFSU_CPM",114080,114,0.0,0.0,0.0,0.0,0.0,11978.4
2024-09-18,DSP,"Metro_VM_Netwo_DSP (Acxiom)_Deskt_RON_Di_-_SL, O_Engli_18MFVM_CPM",89166,95,0.0,0.0,0.0,0.0,0.0,9362.43
2024-09-18,DSP,"TN_BFP_Netwo_DSP (Acxiom)_Deskt_RON_Di_-_WL, C_Engli_18MFBF_CPM",19678,23,0.0,0.0,0.0,0.0,0.0,2066.19
2024-09-18,DSP,"TN_SDS_Netwo_DSP (Acxiom)_Deskt_RON_Di_-_SL, O_Engli_18MFSD_CPM",33152,45,0.0,0.0,0.0,0.0,0.0,3480.96
2024-09-18,DSP,"TN_SS_Netwo_DSP (Acxiom)_Deskt_RON_Di_-_WL, C_Engli_18MFSS_CPM",17468,21,0.0,0.0,0.0,0.0,0.0,1834.14
2024-09-18,DSP,"TN_SUF_Netwo_DSP (Acxiom)_Deskt_RON_Di_-_WL, C_Engli_18MFSU_CPM",19037,11,0.0,0.0,0.0,0.0,0.0,1998.885
2024-09-18,DSP,"TN_VM_Netwo_DSP (Acxiom)_Deskt_RON_Di_-_SL, O_Engli_18MFVM_CPM",32621,37,0.0,0.0,0.0,0.0,0.0,3425.205
2024-09-18,DSP,"UP + _BFP_Netwo_DSP (Acxiom)_Deskt_RON_Di_-_WL, C_Engli_18MFBF_CPM",53178,67,0.0,0.0,0.0,0.0,0.0,5583.69
2024-09-18,DSP,"UP + _SDS_Netwo_DSP (Acxiom)_Deskt_RON_Di_-_SL, O_Engli_18MFSD_CPM",56207,87,0.0,0.0,0.0,0.0,0.0,5901.735
2024-09-18,DSP,"UP + _SS_Netwo_DSP (Acxiom)_Deskt_RON_Di_-_WL, C_Engli_18MFSS_CPM",44208,62,0.0,0.0,0.0,0.0,0.0,4641.84
2024-09-18,DSP,"UP + _SUF_Netwo_DSP (Acxiom)_Deskt_RON_Di_-_WL, C_Engli_18MFSU_CPM",52004,73,0.0,0.0,0.0,0.0,0.0,5460.42
2024-09-18,DSP,"UP + _VM_Netwo_DSP (Acxiom)_Deskt_RON_Di_-_SL, O_Engli_18MFVM_CPM",54972,79,0.0,0.0,0.0,0.0,0.0,5772.0599999999995
2024-09-18,DSP,WB_BFP_Netwo_DSP (Acxiom)_Deskt_RON_Di_-_ASINS_Engli_18MFBF_CPM,11984,13,0.0,0.0,0.0,0.0,0.0,1258.32
2024-09-18,DSP,WB_SDS_Netwo_DSP (Acxiom)_Deskt_RON_Di_-_ASINS_Engli_18MFSD_CPM,23072,33,0.0,0.0,0.0,0.0,0.0,2422.56
2024-09-18,DSP,WB_SS_Netwo_DSP (Acxiom)_Deskt_RON_Di_-_ASINS_Engli_18MFSS_CPM,7106,6,0.0,0.0,0.0,0.0,0.0,746.13
2024-09-18,DSP,WB_SUF_Netwo_DSP (Acxiom)_Deskt_RON_Di_-_ASINS_Engli_18MFSU_CPM,17372,15,0.0,0.0,0.0,0.0,0.0,1824.06
2024-09-18,DSP,WB_VM_Netwo_DSP (Acxiom)_Deskt_RON_Di_-_ASINS_Engli_18MFVM_CPM,22886,24,0.0,0.0,0.0,0.0,0.0,2403.0299999999997
2024-09-18,Demand Gen,"Pan I_BFP+S_Netwo_Demand Gen_Deskt_RON_Vi+Di_10s_H&K, _Engli_Acco(B_CPC",5804362,133472,414667.0,0.0,0.0,0.0,0.0,250682.14
2024-09-18,Demand Gen,Pan I_Open_Netwo_Demand Gen_Deskt_RON_Vi+Di_10s_Fashi_Engli_18MFCuinca_CPC,10188510,336153,106987.0,0.0,0.0,0.0,0.0,168675.07
2024-09-18,Demand Gen,Pan I_Open_Netwo_Demand Gen_Deskt_RON_Vi+Di_10s_Fashi_Engli_18MFOnSh_CPC,7346930,266214,71710.0,0.0,0.0,0.0,0.0,113609.16
2024-09-18,Demand Gen,Pan I_SDS_Netwo_Demand Gen_Deskt_RON_Vi+Di_10s_Fashi_Engli_Acco(S_CPC,9869749,232770,374477.0,0.0,0.0,0.0,0.0,294313.47
2024-09-18,Demand Gen,Pan I_SUF_Netwo_Demand Gen_Deskt_RON_Vi+Di_10s_Fashi_Engli_Acco(S_CPC,4843539,146280,489845.0,0.0,0.0,0.0,0.0,166255.08
2024-09-18,Demand Gen,Pan I_VM_Netwo_Demand Gen_Deskt_RON_Vi+Di_10s_Fashi_Engli_Acco(V_CPC,7442962,142116,341296.0,0.0,0.0,0.0,0.0,261623.05
2024-09-18,PMP OTT,"AP + _BFP_Enter_PMP OTT (Rest)_Deskt_Midro_ViAd_10 se_H&K, _Hingl_BuFaPe(B_CPM",1874,14,0.0,1863.0,0.0,0.0,1537.0,168.66
2024-09-18,PMP OTT,AP + _NA_Enter_PMP OTT (SL+Jio)_Deskt_Midro_ViAd_10 se_Fashi_Hingl_18MFOnSh_CPM,28876,107,0.0,28784.0,0.0,0.0,27065.0,3609.5
2024-09-18,PMP OTT,AP + _NA_Enter_PMP OTT _CTV_Midro_ViAd_10 se_Fashi_Hingl_18MFOnSh_CPM,22389,100,0.0,22290.0,0.0,0.0,20256.0,3806.13
2024-09-18,PMP OTT,AP + _SDS_Enter_PMP OTT (Rest)_Deskt_Midro_ViAd_10 se_Fashi_Hingl_ScDeSe(S_CPM,2231,24,0.0,2221.0,0.0,0.0,1851.0,200.79
2024-09-18,PMP OTT,"AP + _SS_Enter_PMP OTT (Rest)_Deskt_Midro_ViAd_10 se_H&K, _Hingl_StSh(S_CPM",2090,20,0.0,2084.0,0.0,0.0,1715.0,188.1
2024-09-18,PMP OTT,AP + _SUF_Enter_PMP OTT (Rest)_Deskt_Midro_ViAd_10 se_Fashi_Hingl_SoUpFa(S_CPM,2093,33,0.0,2091.0,0.0,0.0,1667.0,188.37
2024-09-18,PMP OTT,AP + _VM_Enter_PMP OTT (Rest)_Deskt_Midro_ViAd_10 se_Fashi_Hingl_VaMa(V_CPM,2100,28,0.0,2094.0,0.0,0.0,1672.0,189.0
2024-09-18,PMP OTT,"HSM_BFP_Enter_PMP OTT (Rest)_Deskt_Midro_ViAd_10 se_H&K, _Hingl_BuFaPe(B_CPM",74555,172,0.0,74052.0,0.0,0.0,64888.0,6709.95
2024-09-18,PMP OTT,HSM_NA_Enter_PMP OTT (SL+Jio)_Deskt_Midro_ViAd_10 se_Fashi_Hingl_18MFOnSh_CPM,362933,15054,0.0,357839.0,0.0,0.0,310115.0,45366.625
2024-09-18,PMP OTT,HSM_NA_Enter_PMP OTT _CTV_Midro_ViAd_10 se_Fashi_Hingl_18MFOnSh_CPM,72164,320,0.0,71893.0,0.0,0.0,66201.0,12267.880000000001
2024-09-18,PMP OTT,HSM_SDS_Enter_PMP OTT (Rest)_Deskt_Midro_ViAd_10 se_Fashi_Hingl_ScDeSe(S_CPM,110092,247,0.0,109327.0,0.0,0.0,92322.0,9908.28
2024-09-18,PMP OTT,"HSM_SS_Enter_PMP OTT (Rest)_Deskt_Midro_ViAd_10 se_H&K, _Hingl_StSh(S_CPM",64369,181,0.0,63965.0,0.0,0.0,57419.0,5793.21
2024-09-18,PMP OTT,HSM_SUF_Enter_PMP OTT (Rest)_Deskt_Midro_ViAd_10 se_Fashi_Hingl_SoUpFa(S_CPM,76682,195,0.0,76215.0,0.0,0.0,66983.0,6901.38
2024-09-18,PMP OTT,HSM_VM_Enter_PMP OTT (Rest)_Deskt_Midro_ViAd_10 se_Fashi_Hingl_VaMa(V_CPM,87537,266,0.0,87056.0,0.0,0.0,73849.0,7878.33
2024-09-18,PMP OTT,"Karna_BFP_Enter_PMP OTT (Rest)_Deskt_Midro_ViAd_10 se_H&K, _Hingl_BuFaPe(B_CPM",8325,73,0.0,8283.0,0.0,0.0,6377.0,749.25
2024-09-18,PMP OTT,Karna_NA_Enter_PMP OTT (SL+Jio)_Deskt_Midro_ViAd_10 se_Fashi_Hingl_18MFOnSh_CPM,21607,173,0.0,21469.0,0.0,0.0,17374.0,2700.875
2024-09-18,PMP OTT,Karna_NA_Enter_PMP OTT _CTV_Midro_ViAd_10 se_Fashi_Hingl_18MFOnSh_CPM,15025,76,0.0,14981.0,0.0,0.0,12998.0,2554.25
2024-09-18,PMP OTT,Karna_SDS_Enter_PMP OTT (Rest)_Deskt_Midro_ViAd_10 se_Fashi_Hingl_ScDeSe(S_CPM,9749,114,0.0,9700.0,0.0,0.0,7230.0,877.41
2024-09-18,PMP OTT,"Karna_SS_Enter_PMP OTT (Rest)_Deskt_Midro_ViAd_10 se_H&K, _Hingl_StSh(S_CPM",7511,70,0.0,7471.0,0.0,0.0,5848.0,675.99
2024-09-18,PMP OTT,Karna_SUF_Enter_PMP OTT (Rest)_Deskt_Midro_ViAd_10 se_Fashi_Hingl_SoUpFa(S_CPM,8851,93,0.0,8814.0,0.0,0.0,6682.0,796.59
2024-09-18,PMP OTT,Karna_VM_Enter_PMP OTT (Rest)_Deskt_Midro_ViAd_10 se_Fashi_Hingl_VaMa(V_CPM,8824,97,0.0,8788.0,0.0,0.0,6670.0,794.16
2024-09-18,PMP OTT,"Kerel_BFP_Enter_PMP OTT (Rest)_Deskt_Midro_ViAd_10 se_H&K, _Hingl_BuFaPe(B_CPM",310,4,0.0,308.0,0.0,0.0,223.0,27.9
2024-09-18,PMP OTT,Kerel_NA_Enter_PMP OTT (SL+Jio)_Deskt_Midro_ViAd_10 se_Fashi_Hingl_18MFOnSh_CPM,24500,192,0.0,24314.0,0.0,0.0,19682.0,3062.5
2024-09-18,PMP OTT,Kerel_NA_Enter_PMP OTT _CTV_Midro_ViAd_10 se_Fashi_Hingl_18MFOnSh_CPM,1232,13,0.0,1230.0,0.0,0.0,904.0,209.44
2024-09-18,PMP OTT,Kerel_SDS_Enter_PMP OTT (Rest)_Deskt_Midro_ViAd_10 se_Fashi_Hingl_ScDeSe(S_CPM,22440,19,0.0,22352.0,0.0,0.0,20575.0,2019.6
2024-09-18,PMP OTT,"Kerel_SS_Enter_PMP OTT (Rest)_Deskt_Midro_ViAd_10 se_H&K, _Hingl_StSh(S_CPM",428,6,0.0,424.0,0.0,0.0,302.0,38.519999999999996
2024-09-18,PMP OTT,Kerel_SUF_Enter_PMP OTT (Rest)_Deskt_Midro_ViAd_10 se_Fashi_Hingl_SoUpFa(S_CPM,1296,10,0.0,1290.0,0.0,0.0,905.0,116.64
2024-09-18,PMP OTT,Kerel_VM_Enter_PMP OTT (Rest)_Deskt_Midro_ViAd_10 se_Fashi_Hingl_VaMa(V_CPM,514,5,0.0,506.0,0.0,0.0,355.0,46.26
2024-09-18,PMP OTT,"Mah +_BFP_Enter_PMP OTT (Rest)_Deskt_Midro_ViAd_10 se_H&K, _Hingl_BuFaPe(B_CPM",10988,98,0.0,10959.0,0.0,0.0,9062.0,988.92
2024-09-18,PMP OTT,Mah +_NA_Enter_PMP OTT (SL+Jio)_Deskt_Midro_ViAd_10 se_Fashi_Hingl_18MFOnSh_CPM,51101,304,0.0,50830.0,0.0,0.0,43987.0,6387.625
2024-09-18,PMP OTT,Mah +_NA_Enter_PMP OTT _CTV_Midro_ViAd_10 se_Fashi_Hingl_18MFOnSh_CPM,25590,147,0.0,25539.0,0.0,0.0,22884.0,4350.3
2024-09-18,PMP OTT,Mah +_SDS_Enter_PMP OTT (Rest)_Deskt_Midro_ViAd_10 se_Fashi_Hingl_ScDeSe(S_CPM,12150,108,0.0,12103.0,0.0,0.0,10165.0,1093.5
2024-09-18,PMP OTT,"Mah +_SS_Enter_PMP OTT (Rest)_Deskt_Midro_ViAd_10 se_H&K, _Hingl_StSh(S_CPM",12471,119,0.0,12414.0,0.0,0.0,10100.0,1122.39
2024-09-18,PMP OTT,Mah +_SUF_Enter_PMP OTT (Rest)_Deskt_Midro_ViAd_10 se_Fashi_Hingl_SoUpFa(S_CPM,11648,109,0.0,11602.0,0.0,0.0,9558.0,1048.32
2024-09-18,PMP OTT,Mah +_VM_Enter_PMP OTT (Rest)_Deskt_Midro_ViAd_10 se_Fashi_Hingl_VaMa(V_CPM,12640,102,0.0,12558.0,0.0,0.0,10164.0,1137.6
2024-09-18,PMP OTT,"Metro_BFP_Enter_PMP OTT (Rest)_Deskt_Midro_ViAd_10 se_H&K, _Hingl_BuFaPe(B_CPM",188336,483,0.0,187216.0,0.0,0.0,165665.0,16950.239999999998
2024-09-18,PMP OTT,Metro_NA_Enter_PMP OTT (SL+Jio)_Deskt_Midro_ViAd_10 se_Fashi_Hingl_18MFOnSh_CPM,755334,27834,0.0,746234.0,0.0,0.0,645882.0,94416.75
2024-09-18,PMP OTT,Metro_NA_Enter_PMP OTT _CTV_Midro_ViAd_10 se_Fashi_Hingl_18MFOnSh_CPM,181821,783,0.0,181247.0,0.0,0.0,164887.0,30909.57
2024-09-18,PMP OTT,Metro_SDS_Enter_PMP OTT (Rest)_Deskt_Midro_ViAd_10 se_Fashi_Hingl_ScDeSe(S_CPM,236835,622,0.0,235300.0,0.0,0.0,203779.0,21315.149999999998
2024-09-18,PMP OTT,"Metro_SS_Enter_PMP OTT (Rest)_Deskt_Midro_ViAd_10 se_H&K, _Hingl_StSh(S_CPM",187593,474,0.0,186066.0,0.0,0.0,157349.0,16883.37
2024-09-18,PMP OTT,Metro_SUF_Enter_PMP OTT (Rest)_Deskt_Midro_ViAd_10 se_Fashi_Hingl_SoUpFa(S_CPM,165853,535,0.0,164871.0,0.0,0.0,147989.0,14926.77
2024-09-18,PMP OTT,Metro_VM_Enter_PMP OTT (Rest)_Deskt_Midro_ViAd_10 se_Fashi_Hingl_VaMa(V_CPM,171026,642,0.0,169994.0,0.0,0.0,150077.0,15392.34
2024-09-18,PMP OTT,"TN_BFP_Enter_PMP OTT (Rest)_Deskt_Midro_ViAd_10 se_H&K, _Hingl_BuFaPe(B_CPM",1099,14,0.0,1094.0,0.0,0.0,806.0,98.91
2024-09-18,PMP OTT,TN_NA_Enter_PMP OTT (SL+Jio)_Deskt_Midro_ViAd_10 se_Fashi_Hingl_18MFOnSh_CPM,15497,70,0.0,15403.0,0.0,0.0,13410.0,1937.125
2024-09-18,PMP OTT,TN_NA_Enter_PMP OTT _CTV_Midro_ViAd_10 se_Fashi_Hingl_18MFOnSh_CPM,1991,22,0.0,1980.0,0.0,0.0,1708.0,338.47
2024-09-18,PMP OTT,TN_SDS_Enter_PMP OTT (Rest)_Deskt_Midro_ViAd_10 se_Fashi_Hingl_ScDeSe(S_CPM,862,11,0.0,854.0,0.0,0.0,710.0,77.58
2024-09-18,PMP OTT,"TN_SS_Enter_PMP OTT (Rest)_Deskt_Midro_ViAd_10 se_H&K, _Hingl_StSh(S_CPM",806,18,0.0,801.0,0.0,0.0,598.0,72.53999999999999
2024-09-18,PMP OTT,TN_SUF_Enter_PMP OTT (Rest)_Deskt_Midro_ViAd_10 se_Fashi_Hingl_SoUpFa(S_CPM,1128,16,0.0,1108.0,0.0,0.0,818.0,101.52
2024-09-18,PMP OTT,TN_VM_Enter_PMP OTT (Rest)_Deskt_Midro_ViAd_10 se_Fashi_Hingl_VaMa(V_CPM,737,15,0.0,731.0,0.0,0.0,588.0,66.33
2024-09-18,PMP OTT,"UP + _BFP_Enter_PMP OTT (Rest)_Deskt_Midro_ViAd_10 se_H&K, _Hingl_BuFaPe(B_CPM",21126,117,0.0,21040.0,0.0,0.0,17157.0,1901.3400000000001
2024-09-18,PMP OTT,UP + _NA_Enter_PMP OTT (SL+Jio)_Deskt_Midro_ViAd_10 se_Fashi_Hingl_18MFOnSh_CPM,182118,4655,0.0,179829.0,0.0,0.0,155001.0,22764.75
2024-09-18,PMP OTT,UP + _NA_Enter_PMP OTT _CTV_Midro_ViAd_10 se_Fashi_Hingl_18MFOnSh_CPM,61898,285,0.0,61672.0,0.0,0.0,57158.0,10522.66
2024-09-18,PMP OTT,UP + _SDS_Enter_PMP OTT (Rest)_Deskt_Midro_ViAd_10 se_Fashi_Hingl_ScDeSe(S_CPM,93812,217,0.0,93301.0,0.0,0.0,79769.0,8443.08
2024-09-18,PMP OTT,"UP + _SS_Enter_PMP OTT (Rest)_Deskt_Midro_ViAd_10 se_H&K, _Hingl_StSh(S_CPM",21830,121,0.0,21740.0,0.0,0.0,18128.0,1964.7
2024-09-18,PMP OTT,UP + _SUF_Enter_PMP OTT (Rest)_Deskt_Midro_ViAd_10 se_Fashi_Hingl_SoUpFa(S_CPM,63929,159,0.0,63557.0,0.0,0.0,54894.0,5753.61
2024-09-18,PMP OTT,UP + _VM_Enter_PMP OTT (Rest)_Deskt_Midro_ViAd_10 se_Fashi_Hingl_VaMa(V_CPM,112794,175,0.0,112172.0,0.0,0.0,96833.0,10151.460000000001
2024-09-18,PMP OTT,WB_BFP_Enter_PMP OTT (Rest)_Deskt_Midro_ViAd_10 se_Fashi_Hingl_BuFaPe(B_CPM,7761,53,0.0,7735.0,0.0,0.0,6336.0,698.49
2024-09-18,PMP OTT,WB_NA_Enter_PMP OTT (SL+Jio)_Deskt_Midro_ViAd_10 se_Fashi_Hingl_18MFOnSh_CPM,22879,152,0.0,22789.0,0.0,0.0,19298.0,2859.875
2024-09-18,PMP OTT,WB_SDS_Enter_PMP OTT (Rest)_Deskt_Midro_ViAd_10 se_Fashi_Hingl_ScDeSe(S_CPM,13222,63,0.0,13160.0,0.0,0.0,10790.0,1189.98
2024-09-18,PMP OTT,WB_SS_Enter_PMP OTT (Rest)_Deskt_Midro_ViAd_10 se_Fashi_Hingl_StSh(S_CPM,4318,31,0.0,4300.0,0.0,0.0,3466.0,388.62
2024-09-18,PMP OTT,WB_SUF_Enter_PMP OTT (Rest)_Deskt_Midro_ViAd_10 se_Fashi_Hingl_SoUpFa(S_CPM,261,6,0.0,260.0,0.0,0.0,157.0,23.490000000000002
2024-09-18,PMP OTT,WB_VM_Enter_PMP OTT (Rest)_Deskt_Midro_ViAd_10 se_Fashi_Hingl_VaMa(V_CPM,12267,67,0.0,12225.0,0.0,0.0,10182.0,1104.03
2024-09-18,PhonePe,"AP + _NA_Netwo_Phone Pe_Deskt_RON_Di_-_WL, C_Engli_18MFOnSh_CPM",378615,829,0.0,0.0,0.0,0.0,0.0,20445.21
2024-09-18,PhonePe,"HSM_NA_Netwo_Phone Pe_Deskt_RON_Di_-_WL, C_Engli_18MFOnSh_CPM",2797235,5960,0.0,0.0,0.0,0.0,0.0,151050.69
2024-09-18,PhonePe,"Karna_NA_Netwo_Phone Pe_Deskt_RON_Di_-_WL, C_Engli_18MFOnSh_CPM",135704,300,0.0,0.0,0.0,0.0,0.0,7328.016
2024-09-18,PhonePe,"Kerel_NA_Netwo_Phone Pe_Deskt_RON_Di_-_WL, C_Engli_18MFOnSh_CPM",144765,400,0.0,0.0,0.0,0.0,0.0,7817.31
2024-09-18,PhonePe,"Mah +_NA_Netwo_Phone Pe_Deskt_RON_Di_-_WL, C_Engli_18MFOnSh_CPM",395640,915,0.0,0.0,0.0,0.0,0.0,21364.56
2024-09-18,PhonePe,"Metro_NA_Netwo_Phone Pe_Deskt_RON_Di_-_WL, C_Engli_18MFOnSh_CPM",5136274,13239,0.0,0.0,0.0,0.0,0.0,277358.796
2024-09-18,PhonePe,"TN_NA_Netwo_Phone Pe_Deskt_RON_Di_-_WL, C_Engli_18MFOnSh_CPM",158687,347,0.0,0.0,0.0,0.0,0.0,8569.098
2024-09-18,PhonePe,"UP + _NA_Netwo_Phone Pe_Deskt_RON_Di_-_WL, C_Engli_18MFOnSh_CPM",1248055,2887,0.0,0.0,0.0,0.0,0.0,67394.97
2024-09-18,PhonePe,WB_NA_Netwo_Phone Pe_Deskt_RON_Di_-_RTB/A_Engli_18MFOnSh_CPM,106750,186,0.0,0.0,0.0,0.0,0.0,5764.5
2024-09-18,Truecaller,"AP + _NA_Netwo_Truecaller_Deskt_RON_Di_-_WL, C_Engli_18MFOnSh_CPM",178349,1700,0.0,0.0,0.0,0.0,0.0,13376.175
2024-09-18,Truecaller,"HSM_NA_Netwo_Truecaller_Deskt_RON_Di_-_WL, C_Engli_18MFOnSh_CPM",1344139,12897,0.0,0.0,0.0,0.0,0.0,100810.425
2024-09-18,Truecaller,"Karna_NA_Netwo_Truecaller_Deskt_RON_Di_-_WL, C_Engli_18MFOnSh_CPM",61190,575,0.0,0.0,0.0,0.0,0.0,4589.25
2024-09-18,Truecaller,"Kerel_NA_Netwo_Truecaller_Deskt_RON_Di_-_WL, C_Engli_18MFOnSh_CPM",212826,2155,0.0,0.0,0.0,0.0,0.0,15961.95
2024-09-18,Truecaller,"Mah +_NA_Netwo_Truecaller_Deskt_RON_Di_-_WL, C_Engli_18MFOnSh_CPM",206029,1978,0.0,0.0,0.0,0.0,0.0,15452.175000000001
2024-09-18,Truecaller,"Metro_NA_Netwo_Truecaller_Deskt_RON_Di_-_WL, C_Engli_18MFOnSh_CPM",2788684,26153,0.0,0.0,0.0,0.0,0.0,209151.3
2024-09-18,Truecaller,"TN_NA_Netwo_Truecaller_Deskt_RON_Di_-_WL, C_Engli_18MFOnSh_CPM",79227,752,0.0,0.0,0.0,0.0,0.0,5942.025
2024-09-18,Truecaller,"UP + _NA_Netwo_Truecaller_Deskt_RON_Di_-_WL, C_Engli_18MFOnSh_CPM",655098,6771,0.0,0.0,0.0,0.0,0.0,49132.35
2024-09-18,Youtube,"AP + _BFP_Enter_Youtube_Deskt_Non-s_ViAd_10 se_H&K, _Hingl_18MFBF_CPM (",42446,85,37631.0,0.0,0.0,0.0,0.0,4669.0599999999995
2024-09-18,Youtube,AP + _NA_Enter_Youtube_CTV_Non-s_ViAd_10 se_Fashi_Hingl_18MFOnSh_CPM (,181486,29,155914.0,0.0,0.0,0.0,0.0,27041.414
2024-09-18,Youtube,AP + _SDS_Enter_Youtube_Deskt_Non-s_ViAd_10 se_Fashi_Hingl_18MFSD_CPM (,95206,240,82217.0,0.0,0.0,0.0,0.0,10472.66
2024-09-18,Youtube,"AP + _SS_Enter_Youtube_Deskt_Non-s_ViAd_10 se_H&K, _Hingl_18MFSS_CPM (",32809,79,28927.0,0.0,0.0,0.0,0.0,3608.99
2024-09-18,Youtube,AP + _SUF_Enter_Youtube_Deskt_Non-s_ViAd_10 se_Fashi_Hingl_18MFSU_CPM (,27910,62,24571.0,0.0,0.0,0.0,0.0,3070.1
2024-09-18,Youtube,AP + _VM_Enter_Youtube_Deskt_Non-s_ViAd_10 se_Fashi_Hingl_18MFVM_CPM (,86547,222,75273.0,0.0,0.0,0.0,0.0,9520.17
2024-09-18,Youtube,"HSM_BFP_Enter_Youtube_Deskt_Non-s_ViAd_10 se_H&K, _Hingl_18MFBF_CPM (",160181,393,140149.0,0.0,0.0,0.0,0.0,17619.91
2024-09-18,Youtube,HSM_NA_Enter_Youtube_CTV_Non-s_ViAd_10 se_Fashi_Hingl_18MFOnSh_CPM (,1305921,102,1143717.0,0.0,0.0,0.0,0.0,194582.229
2024-09-18,Youtube,HSM_SDS_Enter_Youtube_Deskt_Non-s_ViAd_10 se_Fashi_Hingl_18MFSD_CPM (,889004,2651,768898.0,0.0,0.0,0.0,0.0,97790.44
2024-09-18,Youtube,"HSM_SS_Enter_Youtube_Deskt_Non-s_ViAd_10 se_H&K, _Hingl_18MFSS_CPM (",130685,318,114305.0,0.0,0.0,0.0,0.0,14375.35
2024-09-18,Youtube,HSM_SUF_Enter_Youtube_Deskt_Non-s_ViAd_10 se_Fashi_Hingl_18MFSU_CPM (,248217,644,215957.0,0.0,0.0,0.0,0.0,27303.870000000003
2024-09-18,Youtube,HSM_VM_Enter_Youtube_Deskt_Non-s_ViAd_10 se_Fashi_Hingl_18MFVM_CPM (,736778,2207,640549.0,0.0,0.0,0.0,0.0,81045.58
2024-09-18,Youtube,"Karna_BFP_Enter_Youtube_Deskt_Non-s_ViAd_10 se_H&K, _Hingl_18MFBF_CPM (",14865,29,12909.0,0.0,0.0,0.0,0.0,1635.15
2024-09-18,Youtube,Karna_NA_Enter_Youtube_CTV_Non-s_ViAd_10 se_Fashi_Hingl_18MFOnSh_CPM (,55706,6,47405.0,0.0,0.0,0.0,0.0,8300.194
2024-09-18,Youtube,Karna_SDS_Enter_Youtube_Deskt_Non-s_ViAd_10 se_Fashi_Hingl_18MFSD_CPM (,28581,68,24740.0,0.0,0.0,0.0,0.0,3143.91
2024-09-18,Youtube,"Karna_SS_Enter_Youtube_Deskt_Non-s_ViAd_10 se_H&K, _Hingl_18MFSS_CPM (",7387,17,6487.0,0.0,0.0,0.0,0.0,812.57
2024-09-18,Youtube,Karna_SUF_Enter_Youtube_Deskt_Non-s_ViAd_10 se_Fashi_Hingl_18MFSU_CPM (,11271,16,9872.0,0.0,0.0,0.0,0.0,1239.81
2024-09-18,Youtube,Karna_VM_Enter_Youtube_Deskt_Non-s_ViAd_10 se_Fashi_Hingl_18MFVM_CPM (,27677,70,23861.0,0.0,0.0,0.0,0.0,3044.4700000000003
2024-09-18,Youtube,"Kerel_BFP_Enter_Youtube_Deskt_Non-s_ViAd_10 se_H&K, _Hingl_18MFBF_CPM (",28175,56,23737.0,0.0,0.0,0.0,0.0,3099.25
2024-09-18,Youtube,Kerel_NA_Enter_Youtube_CTV_Non-s_ViAd_10 se_Fashi_Hingl_18MFOnSh_CPM (,218703,32,171763.0,0.0,0.0,0.0,0.0,32586.747
2024-09-18,Youtube,Kerel_SDS_Enter_Youtube_Deskt_Non-s_ViAd_10 se_Fashi_Hingl_18MFSD_CPM (,103687,345,85906.0,0.0,0.0,0.0,0.0,11405.57
2024-09-18,Youtube,"Kerel_SS_Enter_Youtube_Deskt_Non-s_ViAd_10 se_H&K, _Hingl_18MFSS_CPM (",20438,59,17018.0,0.0,0.0,0.0,0.0,2248.1800000000003
2024-09-18,Youtube,Kerel_SUF_Enter_Youtube_Deskt_Non-s_ViAd_10 se_Fashi_Hingl_18MFSU_CPM (,45902,129,38443.0,0.0,0.0,0.0,0.0,5049.22
2024-09-18,Youtube,Kerel_VM_Enter_Youtube_Deskt_Non-s_ViAd_10 se_Fashi_Hingl_18MFVM_CPM (,100009,302,83643.0,0.0,0.0,0.0,0.0,11000.99
2024-09-18,Youtube,"Mah +_BFP_Enter_Youtube_Deskt_Non-s_ViAd_10 se_H&K, _Hingl_18MFBF_CPM (",29196,60,25264.0,0.0,0.0,0.0,0.0,3211.56
2024-09-18,Youtube,Mah +_NA_Enter_Youtube_CTV_Non-s_ViAd_10 se_Fashi_Hingl_18MFOnSh_CPM (,194417,15,171088.0,0.0,0.0,0.0,0.0,28968.132999999998
2024-09-18,Youtube,Mah +_SDS_Enter_Youtube_Deskt_Non-s_ViAd_10 se_Fashi_Hingl_18MFSD_CPM (,92787,217,81953.0,0.0,0.0,0.0,0.0,10206.57
2024-09-18,Youtube,"Mah +_SS_Enter_Youtube_Deskt_Non-s_ViAd_10 se_H&K, _Hingl_18MFSS_CPM (",32435,62,28589.0,0.0,0.0,0.0,0.0,3567.85
2024-09-18,Youtube,Mah +_SUF_Enter_Youtube_Deskt_Non-s_ViAd_10 se_Fashi_Hingl_18MFSU_CPM (,33141,73,29373.0,0.0,0.0,0.0,0.0,3645.51
2024-09-18,Youtube,Mah +_VM_Enter_Youtube_Deskt_Non-s_ViAd_10 se_Fashi_Hingl_18MFVM_CPM (,91359,189,80609.0,0.0,0.0,0.0,0.0,10049.49
2024-09-18,Youtube,"Metro_BFP_Enter_Youtube_Deskt_Non-s_ViAd_10 se_H&K, _Hingl_18MFBF_CPM (",33650,59,29125.0,0.0,0.0,0.0,0.0,3701.5
2024-09-18,Youtube,Metro_NA_Enter_Youtube_CTV_Non-s_ViAd_10 se_Fashi_Hingl_18MFOnSh_CPM (,241628,42,195480.0,0.0,0.0,0.0,0.0,36002.572
2024-09-18,Youtube,Metro_SDS_Enter_Youtube_Deskt_Non-s_ViAd_10 se_Fashi_Hingl_18MFSD_CPM (,110310,176,95043.0,0.0,0.0,0.0,0.0,12134.1
2024-09-18,Youtube,"Metro_SS_Enter_Youtube_Deskt_Non-s_ViAd_10 se_H&K, _Hingl_18MFSS_CPM (",38639,55,33388.0,0.0,0.0,0.0,0.0,4250.29
2024-09-18,Youtube,Metro_SUF_Enter_Youtube_Deskt_Non-s_ViAd_10 se_Fashi_Hingl_18MFSU_CPM (,40004,60,34849.0,0.0,0.0,0.0,0.0,4400.4400000000005
2024-09-18,Youtube,Metro_VM_Enter_Youtube_Deskt_Non-s_ViAd_10 se_Fashi_Hingl_18MFVM_CPM (,111262,182,95819.0,0.0,0.0,0.0,0.0,12238.82
2024-09-18,Youtube,"TN_BFP_Enter_Youtube_Deskt_Non-s_ViAd_10 se_H&K, _Hingl_18MFBF_CPM (",13359,23,11585.0,0.0,0.0,0.0,0.0,1469.49
2024-09-18,Youtube,TN_NA_Enter_Youtube_CTV_Non-s_ViAd_10 se_Fashi_Hingl_18MFOnSh_CPM (,64869,4,55880.0,0.0,0.0,0.0,0.0,9665.481
2024-09-18,Youtube,TN_SDS_Enter_Youtube_Deskt_Non-s_ViAd_10 se_Fashi_Hingl_18MFSD_CPM (,40323,66,34168.0,0.0,0.0,0.0,0.0,4435.530000000001
2024-09-18,Youtube,"TN_SS_Enter_Youtube_Deskt_Non-s_ViAd_10 se_H&K, _Hingl_18MFSS_CPM (",11043,26,9470.0,0.0,0.0,0.0,0.0,1214.73
2024-09-18,Youtube,TN_SUF_Enter_Youtube_Deskt_Non-s_ViAd_10 se_Fashi_Hingl_18MFSU_CPM (,12691,15,10767.0,0.0,0.0,0.0,0.0,1396.01
2024-09-18,Youtube,TN_VM_Enter_Youtube_Deskt_Non-s_ViAd_10 se_Fashi_Hingl_18MFVM_CPM (,37554,79,32131.0,0.0,0.0,0.0,0.0,4130.9400000000005
2024-09-18,Youtube,"UP + _BFP_Enter_Youtube_Deskt_Non-s_ViAd_10 se_H&K, _Hingl_18MFBF_CPM (",84417,217,73933.0,0.0,0.0,0.0,0.0,9285.869999999999
2024-09-18,Youtube,UP + _NA_Enter_Youtube_CTV_Non-s_ViAd_10 se_Fashi_Hingl_18MFOnSh_CPM (,558879,53,484245.0,0.0,0.0,0.0,0.0,83272.97099999999
2024-09-18,Youtube,UP + _SDS_Enter_Youtube_Deskt_Non-s_ViAd_10 se_Fashi_Hingl_18MFSD_CPM (,325090,1028,281784.0,0.0,0.0,0.0,0.0,35759.9
2024-09-18,Youtube,"UP + _SS_Enter_Youtube_Deskt_Non-s_ViAd_10 se_H&K, _Hingl_18MFSS_CPM (",41777,114,36433.0,0.0,0.0,0.0,0.0,4595.47
2024-09-18,Youtube,UP + _SUF_Enter_Youtube_Deskt_Non-s_ViAd_10 se_Fashi_Hingl_18MFSU_CPM (,135630,363,117816.0,0.0,0.0,0.0,0.0,14919.3
2024-09-18,Youtube,UP + _VM_Enter_Youtube_Deskt_Non-s_ViAd_10 se_Fashi_Hingl_18MFVM_CPM (,398299,1119,344227.0,0.0,0.0,0.0,0.0,43812.89
2024-09-18,Youtube,WB_BFP_Enter_Youtube_Deskt_Non-s_ViAd_10 se_Fashi_Hingl_18MFBF_CPM (,8443,13,7315.0,0.0,0.0,0.0,0.0,928.73
2024-09-18,Youtube,WB_NA_Enter_Youtube_CTV_Non-s_ViAd_10 se_Fashi_Hingl_18MFOnSh_CPM (,25787,1,22381.0,0.0,0.0,0.0,0.0,3842.263
2024-09-18,Youtube,WB_SDS_Enter_Youtube_Deskt_Non-s_ViAd_10 se_Fashi_Hingl_18MFSD_CPM (,30227,50,25838.0,0.0,0.0,0.0,0.0,3324.9700000000003
2024-09-18,Youtube,WB_SS_Enter_Youtube_Deskt_Non-s_ViAd_10 se_Fashi_Hingl_18MFSS_CPM (,4754,7,4036.0,0.0,0.0,0.0,0.0,522.94
2024-09-18,Youtube,WB_SUF_Enter_Youtube_Deskt_Non-s_ViAd_10 se_Fashi_Hingl_18MFSU_CPM (,12784,29,10936.0,0.0,0.0,0.0,0.0,1406.24
2024-09-18,Youtube,WB_VM_Enter_Youtube_Deskt_Non-s_ViAd_10 se_Fashi_Hingl_18MFVM_CPM (,30030,45,26020.0,0.0,0.0,0.0,0.0,3303.3
