Campaign Name,Line_Item,Date,Phase/inputs,Genre,Demo,Geo,Channel,Publisher,Platform,Section,Ad Unit,Deal Type,Targeting,Concept Name,Delivered Impressions,Delivered Clicks,Delivered Video Views (True Views),25% Views,50% Views,75% Views,100% Views,Delievered Spends
Amazon Prime Speed Q3'24_Campaign Media Plan,Enter_18+_All C_Video_PMP - OTT - CTV_Conne_Instr_Funct_No|Vi20se_CPM_AlTaGe,2024-08-22,Media Plan,Entertainment,18+,All Cities,Video,PMP - OTT - CTV,Connected TV,Instream | CTV,No-Skippable | Video 20 seconds,CPM,All Targeted Geos,XCIP24IN008_EDE_AW_APAC_mtk_NEKN_A_PLC_CTV_WEB_NA_DIG_DISPP_SBAN_RON_psq3augpmpottacvctv_REC_MLT_NA_NA_NA_NA_NA_1920X1080_:20_NSKP_4_CPM_SSWT_EN_11VFVF_22082024_30092024_NA_MLT_MLT_NA,107840.0,0.0,0.0,0.0,0.0,0.0,102163.0,29116.800000000003
Amazon Prime Speed Q3'24_Campaign Media Plan,Enter_18+_All C_Video_PMP - OTT - CTV_Conne_Instr_Funct_No|Vi20se_CPM_AlTaGe,2024-08-23,Media Plan,Entertainment,18+,All Cities,Video,PMP - OTT - CTV,Connected TV,Instream | CTV,No-Skippable | Video 20 seconds,CPM,All Targeted Geos,XCIP24IN008_EDE_AW_APAC_mtk_NEKN_A_PLC_CTV_WEB_NA_DIG_DISPP_SBAN_RON_psq3augpmpottacvctv_REC_MLT_NA_NA_NA_NA_NA_1920X1080_:20_NSKP_4_CPM_SSWT_EN_11VFVF_22082024_30092024_NA_MLT_MLT_NA,196468.0,0.0,0.0,0.0,0.0,0.0,189846.0,53046.36
Amazon Prime Speed Q3'24_Campaign Media Plan,Enter_18+_All C_Video_PMP - OTT - CTV_Conne_Instr_Funct_No|Vi20se_CPM_AlTaGe,2024-08-24,Media Plan,Entertainment,18+,All Cities,Video,PMP - OTT - CTV,Connected TV,Instream | CTV,No-Skippable | Video 20 seconds,CPM,All Targeted Geos,XCIP24IN008_EDE_AW_APAC_mtk_NEKN_A_PLC_CTV_WEB_NA_DIG_DISPP_SBAN_RON_psq3augpmpottacvctv_REC_MLT_NA_NA_NA_NA_NA_1920X1080_:20_NSKP_4_CPM_SSWT_EN_11VFVF_22082024_30092024_NA_MLT_MLT_NA,169479.0,3.0,0.0,0.0,0.0,0.0,163281.0,45759.329999999994
Amazon Prime Speed Q3'24_Campaign Media Plan,Enter_18+_All C_Video_PMP - OTT - CTV_Conne_Instr_Funct_No|Vi20se_CPM_AlTaGe,2024-08-25,Media Plan,Entertainment,18+,All Cities,Video,PMP - OTT - CTV,Connected TV,Instream | CTV,No-Skippable | Video 20 seconds,CPM,All Targeted Geos,XCIP24IN008_EDE_AW_APAC_mtk_NEKN_A_PLC_CTV_WEB_NA_DIG_DISPP_SBAN_RON_psq3augpmpottacvctv_REC_MLT_NA_NA_NA_NA_NA_1920X1080_:20_NSKP_4_CPM_SSWT_EN_11VFVF_22082024_30092024_NA_MLT_MLT_NA,251269.0,7.0,0.0,0.0,0.0,0.0,241790.0,67842.63
Amazon Prime Speed Q3'24_Campaign Media Plan,Enter_18+_All C_Video_PMP - OTT - CTV_Conne_Instr_Funct_No|Vi20se_CPM_AlTaGe,2024-08-26,Media Plan,Entertainment,18+,All Cities,Video,PMP - OTT - CTV,Connected TV,Instream | CTV,No-Skippable | Video 20 seconds,CPM,All Targeted Geos,XCIP24IN008_EDE_AW_APAC_mtk_NEKN_A_PLC_CTV_WEB_NA_DIG_DISPP_SBAN_RON_psq3augpmpottacvctv_REC_MLT_NA_NA_NA_NA_NA_1920X1080_:20_NSKP_4_CPM_SSWT_EN_11VFVF_22082024_30092024_NA_MLT_MLT_NA,386360.0,15.0,0.0,0.0,0.0,0.0,374717.0,104317.2
Amazon Prime Speed Q3'24_Campaign Media Plan,Enter_18+_All C_Video_Samsung TV_Conne_Instr_Funct_No|Vi20se_CPM_AlTaGe,2024-08-22,Media Plan,Entertainment,18+,All Cities,Video,Samsung TV,Connected TV,Instream | CTV,No-Skippable | Video 20 seconds,CPM,All Targeted Geos,XCIP24IN008_EDE_AW_APAC_samsung_NEKN_A_PLC_CTV_WEB_NA_DIG_VIDP_SBAN_ROS_psq3augssgacvctv_REC_MLT_NA_NA_NA_NA_NA_1920X1080_:20_NSKP_4_CPM_SSWT_EN_11VFSS_22082024_30092024_NA_MLT_MLT_NA,148071.0,0.0,0.0,146745.0,140793.0,128908.0,103960.0,48123.075
Amazon Prime Speed Q3'24_Campaign Media Plan,Enter_18+_All C_Video_Samsung TV_Conne_Instr_Funct_No|Vi20se_CPM_AlTaGe,2024-08-23,Media Plan,Entertainment,18+,All Cities,Video,Samsung TV,Connected TV,Instream | CTV,No-Skippable | Video 20 seconds,CPM,All Targeted Geos,XCIP24IN008_EDE_AW_APAC_samsung_NEKN_A_PLC_CTV_WEB_NA_DIG_VIDP_SBAN_ROS_psq3augssgacvctv_REC_MLT_NA_NA_NA_NA_NA_1920X1080_:20_NSKP_4_CPM_SSWT_EN_11VFSS_22082024_30092024_NA_MLT_MLT_NA,106492.0,0.0,0.0,105497.0,100941.0,92067.0,73352.0,34609.9
Amazon Prime Speed Q3'24_Campaign Media Plan,Enter_18+_All C_Video_Samsung TV_Conne_Instr_Funct_No|Vi20se_CPM_AlTaGe,2024-08-24,Media Plan,Entertainment,18+,All Cities,Video,Samsung TV,Connected TV,Instream | CTV,No-Skippable | Video 20 seconds,CPM,All Targeted Geos,XCIP24IN008_EDE_AW_APAC_samsung_NEKN_A_PLC_CTV_WEB_NA_DIG_VIDP_SBAN_ROS_psq3augssgacvctv_REC_MLT_NA_NA_NA_NA_NA_1920X1080_:20_NSKP_4_CPM_SSWT_EN_11VFSS_22082024_30092024_NA_MLT_MLT_NA,110317.0,0.0,0.0,109911.0,104496.0,94671.0,74450.0,35853.025
Amazon Prime Speed Q3'24_Campaign Media Plan,Enter_18+_All C_Video_Samsung TV_Conne_Instr_Funct_No|Vi20se_CPM_AlTaGe,2024-08-25,Media Plan,Entertainment,18+,All Cities,Video,Samsung TV,Connected TV,Instream | CTV,No-Skippable | Video 20 seconds,CPM,All Targeted Geos,XCIP24IN008_EDE_AW_APAC_samsung_NEKN_A_PLC_CTV_WEB_NA_DIG_VIDP_SBAN_ROS_psq3augssgacvctv_REC_MLT_NA_NA_NA_NA_NA_1920X1080_:20_NSKP_4_CPM_SSWT_EN_11VFSS_22082024_30092024_NA_MLT_MLT_NA,107595.0,0.0,0.0,106347.0,100989.0,91737.0,73265.0,34968.375
Amazon Prime Speed Q3'24_Campaign Media Plan,Enter_18+_All C_Video_Samsung TV_Conne_Instr_Funct_No|Vi20se_CPM_AlTaGe,2024-08-26,Media Plan,Entertainment,18+,All Cities,Video,Samsung TV,Connected TV,Instream | CTV,No-Skippable | Video 20 seconds,CPM,All Targeted Geos,XCIP24IN008_EDE_AW_APAC_samsung_NEKN_A_PLC_CTV_WEB_NA_DIG_VIDP_SBAN_ROS_psq3augssgacvctv_REC_MLT_NA_NA_NA_NA_NA_1920X1080_:20_NSKP_4_CPM_SSWT_EN_11VFSS_22082024_30092024_NA_MLT_MLT_NA,79922.0,0.0,0.0,78514.0,74396.0,67227.0,54563.0,25974.65
Amazon Prime Speed Q3'24_Campaign Media Plan,Enter_18+_All C_Video_YouTube_Conne_Instr_Funct_No|Vi20se_CPM_AlTaGe,2024-08-22,Media Plan,Entertainment,18+,All Cities,Video,YouTube,Connected TV,Instream | CTV,No-Skippable | Video 20 seconds,CPM,All Targeted Geos,XCIP24IN008_EDE_AW_APAC_youtube_NEKN_A_PLC_CTV_WEB_NA_DIG_VIDP_SBAN_ROS_psq3augytacv20ctv_REC_MLT_NA_NA_NA_NA_NA_1920X1080_:20_NSKP_4_CPM_SSWT_EN_11VFUX_22082024_30092024_NA_MLT_MLT_NA,520849.0,59.0,0.0,419525.0,413087.0,410355.0,408458.0,49474.928434
Amazon Prime Speed Q3'24_Campaign Media Plan,Enter_18+_All C_Video_YouTube_Conne_Instr_Funct_No|Vi20se_CPM_AlTaGe,2024-08-23,Media Plan,Entertainment,18+,All Cities,Video,YouTube,Connected TV,Instream | CTV,No-Skippable | Video 20 seconds,CPM,All Targeted Geos,XCIP24IN008_EDE_AW_APAC_youtube_NEKN_A_PLC_CTV_WEB_NA_DIG_VIDP_SBAN_ROS_psq3augytacv20ctv_REC_MLT_NA_NA_NA_NA_NA_1920X1080_:20_NSKP_4_CPM_SSWT_EN_11VFUX_22082024_30092024_NA_MLT_MLT_NA,567422.0,64.0,0.0,479763.0,473081.0,470214.0,468191.0,55228.835924
Amazon Prime Speed Q3'24_Campaign Media Plan,Enter_18+_All C_Video_YouTube_Conne_Instr_Funct_No|Vi20se_CPM_AlTaGe,2024-08-24,Media Plan,Entertainment,18+,All Cities,Video,YouTube,Connected TV,Instream | CTV,No-Skippable | Video 20 seconds,CPM,All Targeted Geos,XCIP24IN008_EDE_AW_APAC_youtube_NEKN_A_PLC_CTV_WEB_NA_DIG_VIDP_SBAN_ROS_psq3augytacv20ctv_REC_MLT_NA_NA_NA_NA_NA_1920X1080_:20_NSKP_4_CPM_SSWT_EN_11VFUX_22082024_30092024_NA_MLT_MLT_NA,534446.0,54.0,0.0,460501.0,454059.0,451264.0,449241.0,54664.951243
Amazon Prime Speed Q3'24_Campaign Media Plan,Enter_18+_All C_Video_YouTube_Conne_Instr_Funct_No|Vi20se_CPM_AlTaGe,2024-08-25,Media Plan,Entertainment,18+,All Cities,Video,YouTube,Connected TV,Instream | CTV,No-Skippable | Video 20 seconds,CPM,All Targeted Geos,XCIP24IN008_EDE_AW_APAC_youtube_NEKN_A_PLC_CTV_WEB_NA_DIG_VIDP_SBAN_ROS_psq3augytacv20ctv_REC_MLT_NA_NA_NA_NA_NA_1920X1080_:20_NSKP_4_CPM_SSWT_EN_11VFUX_22082024_30092024_NA_MLT_MLT_NA,566238.0,44.0,0.0,498930.0,492804.0,490066.0,488049.0,53217.164621
Amazon Prime Speed Q3'24_Campaign Media Plan,Enter_18+_All C_Video_YouTube_Conne_Instr_Funct_No|Vi20se_CPM_AlTaGe,2024-08-26,Media Plan,Entertainment,18+,All Cities,Video,YouTube,Connected TV,Instream | CTV,No-Skippable | Video 20 seconds,CPM,All Targeted Geos,XCIP24IN008_EDE_AW_APAC_youtube_NEKN_A_PLC_CTV_WEB_NA_DIG_VIDP_SBAN_ROS_psq3augytacv20ctv_REC_MLT_NA_NA_NA_NA_NA_1920X1080_:20_NSKP_4_CPM_SSWT_EN_11VFUX_22082024_30092024_NA_MLT_MLT_NA,585633.0,33.0,0.0,530699.0,525217.0,522598.0,520658.0,53899.24223
Amazon Prime Speed Q3'24_Campaign Media Plan,Enter_18+_All C_Video_YouTube_Conne_Instr_Funct_No|Vi20se_CPM_AlTaGe|Af>Ne,2024-08-22,Media Plan,Entertainment/News,18+,All Cities,Video,YouTube,Connected TV,Instream | CTV,No-Skippable | Video 20 seconds,CPM,All Targeted Geos | Affinity > News,XCIP24IN008_EDE_AW_APAC_youtube_NEKN_A_PLC_CTV_WEB_NA_DIG_VIDP_SBAN_ROS_psq3augytacv20ctvn_REC_MLT_NA_NA_NA_NA_NA_1920X1080_:20_NSKP_4_CPM_SSWT_EN_11VFUY_22082024_30092024_NA_MLT_MLT_NA,412018.0,22.0,0.0,342073.0,337097.0,335067.0,333566.0,38076.565271
Amazon Prime Speed Q3'24_Campaign Media Plan,Enter_18+_All C_Video_YouTube_Conne_Instr_Funct_No|Vi20se_CPM_AlTaGe|Af>Ne,2024-08-23,Media Plan,Entertainment/News,18+,All Cities,Video,YouTube,Connected TV,Instream | CTV,No-Skippable | Video 20 seconds,CPM,All Targeted Geos | Affinity > News,XCIP24IN008_EDE_AW_APAC_youtube_NEKN_A_PLC_CTV_WEB_NA_DIG_VIDP_SBAN_ROS_psq3augytacv20ctvn_REC_MLT_NA_NA_NA_NA_NA_1920X1080_:20_NSKP_4_CPM_SSWT_EN_11VFUY_22082024_30092024_NA_MLT_MLT_NA,394804.0,19.0,0.0,338868.0,334027.0,332090.0,330677.0,38035.783967
Amazon Prime Speed Q3'24_Campaign Media Plan,Enter_18+_All C_Video_YouTube_Conne_Instr_Funct_No|Vi20se_CPM_AlTaGe|Af>Ne,2024-08-24,Media Plan,Entertainment/News,18+,All Cities,Video,YouTube,Connected TV,Instream | CTV,No-Skippable | Video 20 seconds,CPM,All Targeted Geos | Affinity > News,XCIP24IN008_EDE_AW_APAC_youtube_NEKN_A_PLC_CTV_WEB_NA_DIG_VIDP_SBAN_ROS_psq3augytacv20ctvn_REC_MLT_NA_NA_NA_NA_NA_1920X1080_:20_NSKP_4_CPM_SSWT_EN_11VFUY_22082024_30092024_NA_MLT_MLT_NA,363240.0,23.0,0.0,315893.0,311317.0,309298.0,307854.0,38111.273323
Amazon Prime Speed Q3'24_Campaign Media Plan,Enter_18+_All C_Video_YouTube_Conne_Instr_Funct_No|Vi20se_CPM_AlTaGe|Af>Ne,2024-08-25,Media Plan,Entertainment/News,18+,All Cities,Video,YouTube,Connected TV,Instream | CTV,No-Skippable | Video 20 seconds,CPM,All Targeted Geos | Affinity > News,XCIP24IN008_EDE_AW_APAC_youtube_NEKN_A_PLC_CTV_WEB_NA_DIG_VIDP_SBAN_ROS_psq3augytacv20ctvn_REC_MLT_NA_NA_NA_NA_NA_1920X1080_:20_NSKP_4_CPM_SSWT_EN_11VFUY_22082024_30092024_NA_MLT_MLT_NA,323830.0,26.0,0.0,281546.0,277241.0,275359.0,274012.0,33410.916254
Amazon Prime Speed Q3'24_Campaign Media Plan,Enter_18+_All C_Video_YouTube_Conne_Instr_Funct_No|Vi20se_CPM_AlTaGe|Af>Ne,2024-08-26,Media Plan,Entertainment/News,18+,All Cities,Video,YouTube,Connected TV,Instream | CTV,No-Skippable | Video 20 seconds,CPM,All Targeted Geos | Affinity > News,XCIP24IN008_EDE_AW_APAC_youtube_NEKN_A_PLC_CTV_WEB_NA_DIG_VIDP_SBAN_ROS_psq3augytacv20ctvn_REC_MLT_NA_NA_NA_NA_NA_1920X1080_:20_NSKP_4_CPM_SSWT_EN_11VFUY_22082024_30092024_NA_MLT_MLT_NA,316808.0,25.0,0.0,277911.0,273547.0,271685.0,270370.0,34133.845047
Amazon Prime Speed Q3'24_Campaign Media Plan,Enter_25-44_Chenn_Video_PMP (Open Auction)_Mobil_Midro_Funct_MiRo-Vi20se_CPM_MF25|A.sh+e-apus(NMyAjFlTaNe,2024-08-22,Media Plan,Entertainment,25-44,Chennai,Video,PMP (Open Auction),Mobile,Midroll,Mid Roll - Video 20 seconds,CPM,"MF 25-44 | A.in shoppers +  e-commerce app users (Nykaa, Myntra, Ajio, Flipkart, Tata Neu)",XCIP24IN008_EDE_AW_APAC_mtk_NEKN_A_PLC_MOB_AP_NA_DIG_VIDP_SBAN_RON_psq3augpmpoachev20_REC_MLT_NA_NA_NA_NA_NA_1920X1080_:20_NSKP_4_CPM_SSWT_EN_11VFVC_22082024_30092024_NA_TAMIL_MLT_NA,27636.0,350.0,0.0,0.0,0.0,0.0,21405.0,3735.854401
Amazon Prime Speed Q3'24_Campaign Media Plan,Enter_25-44_Chenn_Video_PMP (Open Auction)_Mobil_Midro_Funct_MiRo-Vi20se_CPM_MF25|A.sh+e-apus(NMyAjFlTaNe,2024-08-23,Media Plan,Entertainment,25-44,Chennai,Video,PMP (Open Auction),Mobile,Midroll,Mid Roll - Video 20 seconds,CPM,"MF 25-44 | A.in shoppers +  e-commerce app users (Nykaa, Myntra, Ajio, Flipkart, Tata Neu)",XCIP24IN008_EDE_AW_APAC_mtk_NEKN_A_PLC_MOB_AP_NA_DIG_VIDP_SBAN_RON_psq3augpmpoachev20_REC_MLT_NA_NA_NA_NA_NA_1920X1080_:20_NSKP_4_CPM_SSWT_EN_11VFVC_22082024_30092024_NA_TAMIL_MLT_NA,25302.0,299.0,0.0,0.0,0.0,0.0,19646.0,3419.209579
Amazon Prime Speed Q3'24_Campaign Media Plan,Enter_25-44_Chenn_Video_PMP (Open Auction)_Mobil_Midro_Funct_MiRo-Vi20se_CPM_MF25|A.sh+e-apus(NMyAjFlTaNe,2024-08-24,Media Plan,Entertainment,25-44,Chennai,Video,PMP (Open Auction),Mobile,Midroll,Mid Roll - Video 20 seconds,CPM,"MF 25-44 | A.in shoppers +  e-commerce app users (Nykaa, Myntra, Ajio, Flipkart, Tata Neu)",XCIP24IN008_EDE_AW_APAC_mtk_NEKN_A_PLC_MOB_AP_NA_DIG_VIDP_SBAN_RON_psq3augpmpoachev20_REC_MLT_NA_NA_NA_NA_NA_1920X1080_:20_NSKP_4_CPM_SSWT_EN_11VFVC_22082024_30092024_NA_TAMIL_MLT_NA,24946.0,318.0,0.0,0.0,0.0,0.0,19221.0,3371.130165
Amazon Prime Speed Q3'24_Campaign Media Plan,Enter_25-44_Chenn_Video_PMP (Open Auction)_Mobil_Midro_Funct_MiRo-Vi20se_CPM_MF25|A.sh+e-apus(NMyAjFlTaNe,2024-08-25,Media Plan,Entertainment,25-44,Chennai,Video,PMP (Open Auction),Mobile,Midroll,Mid Roll - Video 20 seconds,CPM,"MF 25-44 | A.in shoppers +  e-commerce app users (Nykaa, Myntra, Ajio, Flipkart, Tata Neu)",XCIP24IN008_EDE_AW_APAC_mtk_NEKN_A_PLC_MOB_AP_NA_DIG_VIDP_SBAN_RON_psq3augpmpoachev20_REC_MLT_NA_NA_NA_NA_NA_1920X1080_:20_NSKP_4_CPM_SSWT_EN_11VFVC_22082024_30092024_NA_TAMIL_MLT_NA,25166.0,353.0,0.0,0.0,0.0,0.0,19372.0,3400.492759
Amazon Prime Speed Q3'24_Campaign Media Plan,Enter_25-44_Chenn_Video_PMP (Open Auction)_Mobil_Midro_Funct_MiRo-Vi20se_CPM_MF25|A.sh+e-apus(NMyAjFlTaNe,2024-08-26,Media Plan,Entertainment,25-44,Chennai,Video,PMP (Open Auction),Mobile,Midroll,Mid Roll - Video 20 seconds,CPM,"MF 25-44 | A.in shoppers +  e-commerce app users (Nykaa, Myntra, Ajio, Flipkart, Tata Neu)",XCIP24IN008_EDE_AW_APAC_mtk_NEKN_A_PLC_MOB_AP_NA_DIG_VIDP_SBAN_RON_psq3augpmpoachev20_REC_MLT_NA_NA_NA_NA_NA_1920X1080_:20_NSKP_4_CPM_SSWT_EN_11VFVC_22082024_30092024_NA_TAMIL_MLT_NA,24557.0,342.0,0.0,0.0,0.0,0.0,18722.0,3316.979239
Amazon Prime Speed Q3'24_Campaign Media Plan,Enter_25-44_Chenn_Video_PMP (PG)_Mobil_Midro_Funct_MiRo-Vi20se_CPM_MF25|A.sh+e-apus(NMyAjFlTaNe,2024-08-22,Media Plan,Entertainment,25-44,Chennai,Video,PMP (PG),Mobile,Midroll,Mid Roll - Video 20 seconds,CPM,"MF 25-44 | A.in shoppers +  e-commerce app users (Nykaa, Myntra, Ajio, Flipkart, Tata Neu)",XCIP24IN008_EDE_AW_APAC_mtk_NEKN_A_PLC_MOB_AP_NA_DIG_VIDP_SBAN_RON_psq3augpmppgchev20_REC_MLT_NA_NA_NA_NA_NA_1920X1080_:20_NSKP_4_CPM_SSWT_EN_11VFVB_22082024_30092024_NA_TAMIL_MLT_NA,26539.0,671.0,0.0,0.0,0.0,0.0,24651.0,5971.275
Amazon Prime Speed Q3'24_Campaign Media Plan,Enter_25-44_Chenn_Video_PMP (PG)_Mobil_Midro_Funct_MiRo-Vi20se_CPM_MF25|A.sh+e-apus(NMyAjFlTaNe,2024-08-23,Media Plan,Entertainment,25-44,Chennai,Video,PMP (PG),Mobile,Midroll,Mid Roll - Video 20 seconds,CPM,"MF 25-44 | A.in shoppers +  e-commerce app users (Nykaa, Myntra, Ajio, Flipkart, Tata Neu)",XCIP24IN008_EDE_AW_APAC_mtk_NEKN_A_PLC_MOB_AP_NA_DIG_VIDP_SBAN_RON_psq3augpmppgchev20_REC_MLT_NA_NA_NA_NA_NA_1920X1080_:20_NSKP_4_CPM_SSWT_EN_11VFVB_22082024_30092024_NA_TAMIL_MLT_NA,36428.0,828.0,0.0,0.0,0.0,0.0,34006.0,8196.300000000001
Amazon Prime Speed Q3'24_Campaign Media Plan,Enter_25-44_Chenn_Video_PMP (PG)_Mobil_Midro_Funct_MiRo-Vi20se_CPM_MF25|A.sh+e-apus(NMyAjFlTaNe,2024-08-24,Media Plan,Entertainment,25-44,Chennai,Video,PMP (PG),Mobile,Midroll,Mid Roll - Video 20 seconds,CPM,"MF 25-44 | A.in shoppers +  e-commerce app users (Nykaa, Myntra, Ajio, Flipkart, Tata Neu)",XCIP24IN008_EDE_AW_APAC_mtk_NEKN_A_PLC_MOB_AP_NA_DIG_VIDP_SBAN_RON_psq3augpmppgchev20_REC_MLT_NA_NA_NA_NA_NA_1920X1080_:20_NSKP_4_CPM_SSWT_EN_11VFVB_22082024_30092024_NA_TAMIL_MLT_NA,62065.0,1840.0,0.0,0.0,0.0,0.0,58486.0,13964.625
Amazon Prime Speed Q3'24_Campaign Media Plan,Enter_25-44_Chenn_Video_PMP (PG)_Mobil_Midro_Funct_MiRo-Vi20se_CPM_MF25|A.sh+e-apus(NMyAjFlTaNe,2024-08-25,Media Plan,Entertainment,25-44,Chennai,Video,PMP (PG),Mobile,Midroll,Mid Roll - Video 20 seconds,CPM,"MF 25-44 | A.in shoppers +  e-commerce app users (Nykaa, Myntra, Ajio, Flipkart, Tata Neu)",XCIP24IN008_EDE_AW_APAC_mtk_NEKN_A_PLC_MOB_AP_NA_DIG_VIDP_SBAN_RON_psq3augpmppgchev20_REC_MLT_NA_NA_NA_NA_NA_1920X1080_:20_NSKP_4_CPM_SSWT_EN_11VFVB_22082024_30092024_NA_TAMIL_MLT_NA,26068.0,841.0,0.0,0.0,0.0,0.0,24132.0,5865.3
Amazon Prime Speed Q3'24_Campaign Media Plan,Enter_25-44_Chenn_Video_PMP (PG)_Mobil_Midro_Funct_MiRo-Vi20se_CPM_MF25|A.sh+e-apus(NMyAjFlTaNe,2024-08-26,Media Plan,Entertainment,25-44,Chennai,Video,PMP (PG),Mobile,Midroll,Mid Roll - Video 20 seconds,CPM,"MF 25-44 | A.in shoppers +  e-commerce app users (Nykaa, Myntra, Ajio, Flipkart, Tata Neu)",XCIP24IN008_EDE_AW_APAC_mtk_NEKN_A_PLC_MOB_AP_NA_DIG_VIDP_SBAN_RON_psq3augpmppgchev20_REC_MLT_NA_NA_NA_NA_NA_1920X1080_:20_NSKP_4_CPM_SSWT_EN_11VFVB_22082024_30092024_NA_TAMIL_MLT_NA,32207.0,715.0,0.0,0.0,0.0,0.0,29624.0,7246.575
Amazon Prime Speed Q3'24_Campaign Media Plan,Enter_25-44_Chenn_Video_YouTube_Deskt_Skipp_Funct_Sk|Vi30se_CPV_MF25|A-ShLiTVVi,2024-08-22,Media Plan,Entertainment,25-44,Chennai,Video,YouTube,Desktop & Mobile,Skippable Instream ,Skippable | Video 30 seconds,CPV,"MF 25-44 |Affinity - Shoppers, Light TV Viewers ",XCIP24IN008_EDE_AW_APAC_youtube_NEKN_A_PLC_DM_WAP_NA_DIG_VIDP_SBAN_ROS_psq3augytchev30_REC_MLT_NA_NA_NA_NA_NA_1920X1080_:30_SKP_4_CPV_SSWT_EN_11VFUV_22082024_30092024_NA_TAMIL_MLT_NA,195008.0,1045.0,105701.0,146172.0,122753.0,110535.0,102131.0,21417.31042
Amazon Prime Speed Q3'24_Campaign Media Plan,Enter_25-44_Chenn_Video_YouTube_Deskt_Skipp_Funct_Sk|Vi30se_CPV_MF25|A-ShLiTVVi,2024-08-23,Media Plan,Entertainment,25-44,Chennai,Video,YouTube,Desktop & Mobile,Skippable Instream ,Skippable | Video 30 seconds,CPV,"MF 25-44 |Affinity - Shoppers, Light TV Viewers ",XCIP24IN008_EDE_AW_APAC_youtube_NEKN_A_PLC_DM_WAP_NA_DIG_VIDP_SBAN_ROS_psq3augytchev30_REC_MLT_NA_NA_NA_NA_NA_1920X1080_:30_SKP_4_CPV_SSWT_EN_11VFUV_22082024_30092024_NA_TAMIL_MLT_NA,190289.0,952.0,109375.0,147605.0,125735.0,114238.0,106412.0,21416.046352
Amazon Prime Speed Q3'24_Campaign Media Plan,Enter_25-44_Chenn_Video_YouTube_Deskt_Skipp_Funct_Sk|Vi30se_CPV_MF25|A-ShLiTVVi,2024-08-24,Media Plan,Entertainment,25-44,Chennai,Video,YouTube,Desktop & Mobile,Skippable Instream ,Skippable | Video 30 seconds,CPV,"MF 25-44 |Affinity - Shoppers, Light TV Viewers ",XCIP24IN008_EDE_AW_APAC_youtube_NEKN_A_PLC_DM_WAP_NA_DIG_VIDP_SBAN_ROS_psq3augytchev30_REC_MLT_NA_NA_NA_NA_NA_1920X1080_:30_SKP_4_CPV_SSWT_EN_11VFUV_22082024_30092024_NA_TAMIL_MLT_NA,195622.0,1010.0,112866.0,153285.0,130281.0,117978.0,109496.0,21422.112494
Amazon Prime Speed Q3'24_Campaign Media Plan,Enter_25-44_Chenn_Video_YouTube_Deskt_Skipp_Funct_Sk|Vi30se_CPV_MF25|A-ShLiTVVi,2024-08-25,Media Plan,Entertainment,25-44,Chennai,Video,YouTube,Desktop & Mobile,Skippable Instream ,Skippable | Video 30 seconds,CPV,"MF 25-44 |Affinity - Shoppers, Light TV Viewers ",XCIP24IN008_EDE_AW_APAC_youtube_NEKN_A_PLC_DM_WAP_NA_DIG_VIDP_SBAN_ROS_psq3augytchev30_REC_MLT_NA_NA_NA_NA_NA_1920X1080_:30_SKP_4_CPV_SSWT_EN_11VFUV_22082024_30092024_NA_TAMIL_MLT_NA,158046.0,923.0,90452.0,122708.0,104120.0,94504.0,87890.0,17122.354398
Amazon Prime Speed Q3'24_Campaign Media Plan,Enter_25-44_Chenn_Video_YouTube_Deskt_Skipp_Funct_Sk|Vi30se_CPV_MF25|A-ShLiTVVi,2024-08-26,Media Plan,Entertainment,25-44,Chennai,Video,YouTube,Desktop & Mobile,Skippable Instream ,Skippable | Video 30 seconds,CPV,"MF 25-44 |Affinity - Shoppers, Light TV Viewers ",XCIP24IN008_EDE_AW_APAC_youtube_NEKN_A_PLC_DM_WAP_NA_DIG_VIDP_SBAN_ROS_psq3augytchev30_REC_MLT_NA_NA_NA_NA_NA_1920X1080_:30_SKP_4_CPV_SSWT_EN_11VFUV_22082024_30092024_NA_TAMIL_MLT_NA,178195.0,953.0,103513.0,140258.0,119588.0,108364.0,100594.0,18540.894895
Amazon Prime Speed Q3'24_Campaign Media Plan,Enter_25-44_Delhi_Video_PMP (Open Auction)_Mobil_Midro_Funct_MiRo-Vi20se_CPM_MF25|A.sh+e-apus(NMyAjFlTaNe,2024-08-22,Media Plan,Entertainment,25-44,Delhi NCR,Video,PMP (Open Auction),Mobile,Midroll,Mid Roll - Video 20 seconds,CPM,"MF 25-44 | A.in shoppers +  e-commerce app users (Nykaa, Myntra, Ajio, Flipkart, Tata Neu)",XCIP24IN008_EDE_AW_APAC_mtk_NEKN_A_PLC_MOB_AP_NA_DIG_VIDP_SBAN_RON_psq3augpmpoadelv20_REC_MLT_NA_NA_NA_NA_NA_1920X1080_:20_NSKP_4_CPM_SSWT_EN_11VFVA_22082024_30092024_NA_DELHI_NEW DE_NA,25815.0,116.0,0.0,0.0,0.0,0.0,21554.0,3498.996078
Amazon Prime Speed Q3'24_Campaign Media Plan,Enter_25-44_Delhi_Video_PMP (Open Auction)_Mobil_Midro_Funct_MiRo-Vi20se_CPM_MF25|A.sh+e-apus(NMyAjFlTaNe,2024-08-23,Media Plan,Entertainment,25-44,Delhi NCR,Video,PMP (Open Auction),Mobile,Midroll,Mid Roll - Video 20 seconds,CPM,"MF 25-44 | A.in shoppers +  e-commerce app users (Nykaa, Myntra, Ajio, Flipkart, Tata Neu)",XCIP24IN008_EDE_AW_APAC_mtk_NEKN_A_PLC_MOB_AP_NA_DIG_VIDP_SBAN_RON_psq3augpmpoadelv20_REC_MLT_NA_NA_NA_NA_NA_1920X1080_:20_NSKP_4_CPM_SSWT_EN_11VFVA_22082024_30092024_NA_DELHI_NEW DE_NA,27245.0,124.0,0.0,0.0,0.0,0.0,22600.0,3696.702422
Amazon Prime Speed Q3'24_Campaign Media Plan,Enter_25-44_Delhi_Video_PMP (Open Auction)_Mobil_Midro_Funct_MiRo-Vi20se_CPM_MF25|A.sh+e-apus(NMyAjFlTaNe,2024-08-24,Media Plan,Entertainment,25-44,Delhi NCR,Video,PMP (Open Auction),Mobile,Midroll,Mid Roll - Video 20 seconds,CPM,"MF 25-44 | A.in shoppers +  e-commerce app users (Nykaa, Myntra, Ajio, Flipkart, Tata Neu)",XCIP24IN008_EDE_AW_APAC_mtk_NEKN_A_PLC_MOB_AP_NA_DIG_VIDP_SBAN_RON_psq3augpmpoadelv20_REC_MLT_NA_NA_NA_NA_NA_1920X1080_:20_NSKP_4_CPM_SSWT_EN_11VFVA_22082024_30092024_NA_DELHI_NEW DE_NA,27162.0,130.0,0.0,0.0,0.0,0.0,22632.0,3685.907916
Amazon Prime Speed Q3'24_Campaign Media Plan,Enter_25-44_Delhi_Video_PMP (Open Auction)_Mobil_Midro_Funct_MiRo-Vi20se_CPM_MF25|A.sh+e-apus(NMyAjFlTaNe,2024-08-25,Media Plan,Entertainment,25-44,Delhi NCR,Video,PMP (Open Auction),Mobile,Midroll,Mid Roll - Video 20 seconds,CPM,"MF 25-44 | A.in shoppers +  e-commerce app users (Nykaa, Myntra, Ajio, Flipkart, Tata Neu)",XCIP24IN008_EDE_AW_APAC_mtk_NEKN_A_PLC_MOB_AP_NA_DIG_VIDP_SBAN_RON_psq3augpmpoadelv20_REC_MLT_NA_NA_NA_NA_NA_1920X1080_:20_NSKP_4_CPM_SSWT_EN_11VFVA_22082024_30092024_NA_DELHI_NEW DE_NA,23926.0,159.0,0.0,0.0,0.0,0.0,19584.0,3243.777316
Amazon Prime Speed Q3'24_Campaign Media Plan,Enter_25-44_Delhi_Video_PMP (Open Auction)_Mobil_Midro_Funct_MiRo-Vi20se_CPM_MF25|A.sh+e-apus(NMyAjFlTaNe,2024-08-26,Media Plan,Entertainment,25-44,Delhi NCR,Video,PMP (Open Auction),Mobile,Midroll,Mid Roll - Video 20 seconds,CPM,"MF 25-44 | A.in shoppers +  e-commerce app users (Nykaa, Myntra, Ajio, Flipkart, Tata Neu)",XCIP24IN008_EDE_AW_APAC_mtk_NEKN_A_PLC_MOB_AP_NA_DIG_VIDP_SBAN_RON_psq3augpmpoadelv20_REC_MLT_NA_NA_NA_NA_NA_1920X1080_:20_NSKP_4_CPM_SSWT_EN_11VFVA_22082024_30092024_NA_DELHI_NEW DE_NA,23080.0,142.0,0.0,0.0,0.0,0.0,18381.0,3119.15
Amazon Prime Speed Q3'24_Campaign Media Plan,Enter_25-44_Delhi_Video_PMP (PG)_Mobil_Midro_Funct_MiRo-Vi20se_CPM_MF25|A.sh+e-apus(NMyAjFlTaNe,2024-08-22,Media Plan,Entertainment,25-44,Delhi NCR,Video,PMP (PG),Mobile,Midroll,Mid Roll - Video 20 seconds,CPM,"MF 25-44 | A.in shoppers +  e-commerce app users (Nykaa, Myntra, Ajio, Flipkart, Tata Neu)",XCIP24IN008_EDE_AW_APAC_mtk_NEKN_A_PLC_MOB_AP_NA_DIG_VIDP_SBAN_RON_psq3augpmppgdelv20_REC_MLT_NA_NA_NA_NA_NA_1920X1080_:20_NSKP_4_CPM_SSWT_EN_11VFV9_22082024_30092024_NA_DELHI_NEW DE_NA,24198.0,618.0,0.0,0.0,0.0,0.0,22826.0,5444.55
Amazon Prime Speed Q3'24_Campaign Media Plan,Enter_25-44_Delhi_Video_PMP (PG)_Mobil_Midro_Funct_MiRo-Vi20se_CPM_MF25|A.sh+e-apus(NMyAjFlTaNe,2024-08-23,Media Plan,Entertainment,25-44,Delhi NCR,Video,PMP (PG),Mobile,Midroll,Mid Roll - Video 20 seconds,CPM,"MF 25-44 | A.in shoppers +  e-commerce app users (Nykaa, Myntra, Ajio, Flipkart, Tata Neu)",XCIP24IN008_EDE_AW_APAC_mtk_NEKN_A_PLC_MOB_AP_NA_DIG_VIDP_SBAN_RON_psq3augpmppgdelv20_REC_MLT_NA_NA_NA_NA_NA_1920X1080_:20_NSKP_4_CPM_SSWT_EN_11VFV9_22082024_30092024_NA_DELHI_NEW DE_NA,54127.0,963.0,0.0,0.0,0.0,0.0,51058.0,12178.575
Amazon Prime Speed Q3'24_Campaign Media Plan,Enter_25-44_Delhi_Video_PMP (PG)_Mobil_Midro_Funct_MiRo-Vi20se_CPM_MF25|A.sh+e-apus(NMyAjFlTaNe,2024-08-24,Media Plan,Entertainment,25-44,Delhi NCR,Video,PMP (PG),Mobile,Midroll,Mid Roll - Video 20 seconds,CPM,"MF 25-44 | A.in shoppers +  e-commerce app users (Nykaa, Myntra, Ajio, Flipkart, Tata Neu)",XCIP24IN008_EDE_AW_APAC_mtk_NEKN_A_PLC_MOB_AP_NA_DIG_VIDP_SBAN_RON_psq3augpmppgdelv20_REC_MLT_NA_NA_NA_NA_NA_1920X1080_:20_NSKP_4_CPM_SSWT_EN_11VFV9_22082024_30092024_NA_DELHI_NEW DE_NA,78772.0,2785.0,0.0,0.0,0.0,0.0,73142.0,17723.7
Amazon Prime Speed Q3'24_Campaign Media Plan,Enter_25-44_Delhi_Video_PMP (PG)_Mobil_Midro_Funct_MiRo-Vi20se_CPM_MF25|A.sh+e-apus(NMyAjFlTaNe,2024-08-25,Media Plan,Entertainment,25-44,Delhi NCR,Video,PMP (PG),Mobile,Midroll,Mid Roll - Video 20 seconds,CPM,"MF 25-44 | A.in shoppers +  e-commerce app users (Nykaa, Myntra, Ajio, Flipkart, Tata Neu)",XCIP24IN008_EDE_AW_APAC_mtk_NEKN_A_PLC_MOB_AP_NA_DIG_VIDP_SBAN_RON_psq3augpmppgdelv20_REC_MLT_NA_NA_NA_NA_NA_1920X1080_:20_NSKP_4_CPM_SSWT_EN_11VFV9_22082024_30092024_NA_DELHI_NEW DE_NA,23744.0,932.0,0.0,0.0,0.0,0.0,21822.0,5342.4
Amazon Prime Speed Q3'24_Campaign Media Plan,Enter_25-44_Delhi_Video_PMP (PG)_Mobil_Midro_Funct_MiRo-Vi20se_CPM_MF25|A.sh+e-apus(NMyAjFlTaNe,2024-08-26,Media Plan,Entertainment,25-44,Delhi NCR,Video,PMP (PG),Mobile,Midroll,Mid Roll - Video 20 seconds,CPM,"MF 25-44 | A.in shoppers +  e-commerce app users (Nykaa, Myntra, Ajio, Flipkart, Tata Neu)",XCIP24IN008_EDE_AW_APAC_mtk_NEKN_A_PLC_MOB_AP_NA_DIG_VIDP_SBAN_RON_psq3augpmppgdelv20_REC_MLT_NA_NA_NA_NA_NA_1920X1080_:20_NSKP_4_CPM_SSWT_EN_11VFV9_22082024_30092024_NA_DELHI_NEW DE_NA,131738.0,1363.0,0.0,0.0,0.0,0.0,124623.0,29641.05
Amazon Prime Speed Q3'24_Campaign Media Plan,Enter_25-44_Delhi_Video_YouTube_Deskt_Skipp_Funct_Sk|Vi30se_CPV_MF25|A-ShLiTVVi,2024-08-22,Media Plan,Entertainment,25-44,Delhi NCR,Video,YouTube,Desktop & Mobile,Skippable Instream ,Skippable | Video 30 seconds,CPV,"MF 25-44 |Affinity - Shoppers, Light TV Viewers ",XCIP24IN008_EDE_AW_APAC_youtube_NEKN_A_PLC_DM_WAP_NA_DIG_VIDP_SBAN_ROS_psq3augytdelv30_REC_MLT_NA_NA_NA_NA_NA_1920X1080_:30_SKP_4_CPV_SSWT_EN_11VFUU_22082024_30092024_NA_DELHI_NEW DE_NA,261037.0,1401.0,117966.0,177607.0,140117.0,123148.0,111788.0,27953.04518
Amazon Prime Speed Q3'24_Campaign Media Plan,Enter_25-44_Mumba_Video_PMP (Open Auction)_Mobil_Midro_Funct_MiRo-Vi20se_CPM_MF25|A.sh+e-apus(NMyAjFlTaNe,2024-08-22,Media Plan,Entertainment,25-44,Mumbai,Video,PMP (Open Auction),Mobile,Midroll,Mid Roll - Video 20 seconds,CPM,"MF 25-44 | A.in shoppers +  e-commerce app users (Nykaa, Myntra, Ajio, Flipkart, Tata Neu)",XCIP24IN008_EDE_AW_APAC_mtk_NEKN_A_PLC_MOB_AP_NA_DIG_VIDP_SBAN_RON_psq3augpmpoamumv20_REC_MLT_NA_NA_NA_NA_NA_1920X1080_:20_NSKP_4_CPM_SSWT_EN_11VFV8_22082024_30092024_NA_MAHARA_MUMBAI_NA,12917.0,110.0,0.0,0.0,0.0,0.0,10562.0,1754.154163
Amazon Prime Speed Q3'24_Campaign Media Plan,Enter_25-44_Mumba_Video_PMP (Open Auction)_Mobil_Midro_Funct_MiRo-Vi20se_CPM_MF25|A.sh+e-apus(NMyAjFlTaNe,2024-08-23,Media Plan,Entertainment,25-44,Mumbai,Video,PMP (Open Auction),Mobile,Midroll,Mid Roll - Video 20 seconds,CPM,"MF 25-44 | A.in shoppers +  e-commerce app users (Nykaa, Myntra, Ajio, Flipkart, Tata Neu)",XCIP24IN008_EDE_AW_APAC_mtk_NEKN_A_PLC_MOB_AP_NA_DIG_VIDP_SBAN_RON_psq3augpmpoamumv20_REC_MLT_NA_NA_NA_NA_NA_1920X1080_:20_NSKP_4_CPM_SSWT_EN_11VFV8_22082024_30092024_NA_MAHARA_MUMBAI_NA,13432.0,117.0,0.0,0.0,0.0,0.0,10961.0,1823.300522
Amazon Prime Speed Q3'24_Campaign Media Plan,Enter_25-44_Mumba_Video_PMP (Open Auction)_Mobil_Midro_Funct_MiRo-Vi20se_CPM_MF25|A.sh+e-apus(NMyAjFlTaNe,2024-08-24,Media Plan,Entertainment,25-44,Mumbai,Video,PMP (Open Auction),Mobile,Midroll,Mid Roll - Video 20 seconds,CPM,"MF 25-44 | A.in shoppers +  e-commerce app users (Nykaa, Myntra, Ajio, Flipkart, Tata Neu)",XCIP24IN008_EDE_AW_APAC_mtk_NEKN_A_PLC_MOB_AP_NA_DIG_VIDP_SBAN_RON_psq3augpmpoamumv20_REC_MLT_NA_NA_NA_NA_NA_1920X1080_:20_NSKP_4_CPM_SSWT_EN_11VFV8_22082024_30092024_NA_MAHARA_MUMBAI_NA,13273.0,99.0,0.0,0.0,0.0,0.0,10668.0,1804.212633
Amazon Prime Speed Q3'24_Campaign Media Plan,Enter_25-44_Mumba_Video_PMP (Open Auction)_Mobil_Midro_Funct_MiRo-Vi20se_CPM_MF25|A.sh+e-apus(NMyAjFlTaNe,2024-08-25,Media Plan,Entertainment,25-44,Mumbai,Video,PMP (Open Auction),Mobile,Midroll,Mid Roll - Video 20 seconds,CPM,"MF 25-44 | A.in shoppers +  e-commerce app users (Nykaa, Myntra, Ajio, Flipkart, Tata Neu)",XCIP24IN008_EDE_AW_APAC_mtk_NEKN_A_PLC_MOB_AP_NA_DIG_VIDP_SBAN_RON_psq3augpmpoamumv20_REC_MLT_NA_NA_NA_NA_NA_1920X1080_:20_NSKP_4_CPM_SSWT_EN_11VFV8_22082024_30092024_NA_MAHARA_MUMBAI_NA,10941.0,84.0,0.0,0.0,0.0,0.0,8576.0,1486.067966
Amazon Prime Speed Q3'24_Campaign Media Plan,Enter_25-44_Mumba_Video_PMP (Open Auction)_Mobil_Midro_Funct_MiRo-Vi20se_CPM_MF25|A.sh+e-apus(NMyAjFlTaNe,2024-08-26,Media Plan,Entertainment,25-44,Mumbai,Video,PMP (Open Auction),Mobile,Midroll,Mid Roll - Video 20 seconds,CPM,"MF 25-44 | A.in shoppers +  e-commerce app users (Nykaa, Myntra, Ajio, Flipkart, Tata Neu)",XCIP24IN008_EDE_AW_APAC_mtk_NEKN_A_PLC_MOB_AP_NA_DIG_VIDP_SBAN_RON_psq3augpmpoamumv20_REC_MLT_NA_NA_NA_NA_NA_1920X1080_:20_NSKP_4_CPM_SSWT_EN_11VFV8_22082024_30092024_NA_MAHARA_MUMBAI_NA,11638.0,136.0,0.0,0.0,0.0,0.0,8896.0,1576.603538
Amazon Prime Speed Q3'24_Campaign Media Plan,Enter_25-44_Mumba_Video_PMP (PG)_Mobil_Midro_Funct_MiRo-Vi20se_CPM_MF25|A.sh+e-apus(NMyAjFlTaNe,2024-08-22,Media Plan,Entertainment,25-44,Mumbai,Video,PMP (PG),Mobile,Midroll,Mid Roll - Video 20 seconds,CPM,"MF 25-44 | A.in shoppers +  e-commerce app users (Nykaa, Myntra, Ajio, Flipkart, Tata Neu)",XCIP24IN008_EDE_AW_APAC_mtk_NEKN_A_PLC_MOB_AP_NA_DIG_VIDP_SBAN_RON_psq3augpmppgmumv20_REC_MLT_NA_NA_NA_NA_NA_1920X1080_:20_NSKP_4_CPM_SSWT_EN_11VFST_22082024_30092024_NA_MAHARA_MUMBAI_NA,17771.0,389.0,0.0,0.0,0.0,0.0,16771.0,3998.475
Amazon Prime Speed Q3'24_Campaign Media Plan,Enter_25-44_Mumba_Video_PMP (PG)_Mobil_Midro_Funct_MiRo-Vi20se_CPM_MF25|A.sh+e-apus(NMyAjFlTaNe,2024-08-23,Media Plan,Entertainment,25-44,Mumbai,Video,PMP (PG),Mobile,Midroll,Mid Roll - Video 20 seconds,CPM,"MF 25-44 | A.in shoppers +  e-commerce app users (Nykaa, Myntra, Ajio, Flipkart, Tata Neu)",XCIP24IN008_EDE_AW_APAC_mtk_NEKN_A_PLC_MOB_AP_NA_DIG_VIDP_SBAN_RON_psq3augpmppgmumv20_REC_MLT_NA_NA_NA_NA_NA_1920X1080_:20_NSKP_4_CPM_SSWT_EN_11VFST_22082024_30092024_NA_MAHARA_MUMBAI_NA,32721.0,438.0,0.0,0.0,0.0,0.0,30933.0,7362.225
Amazon Prime Speed Q3'24_Campaign Media Plan,Enter_25-44_Mumba_Video_PMP (PG)_Mobil_Midro_Funct_MiRo-Vi20se_CPM_MF25|A.sh+e-apus(NMyAjFlTaNe,2024-08-24,Media Plan,Entertainment,25-44,Mumbai,Video,PMP (PG),Mobile,Midroll,Mid Roll - Video 20 seconds,CPM,"MF 25-44 | A.in shoppers +  e-commerce app users (Nykaa, Myntra, Ajio, Flipkart, Tata Neu)",XCIP24IN008_EDE_AW_APAC_mtk_NEKN_A_PLC_MOB_AP_NA_DIG_VIDP_SBAN_RON_psq3augpmppgmumv20_REC_MLT_NA_NA_NA_NA_NA_1920X1080_:20_NSKP_4_CPM_SSWT_EN_11VFST_22082024_30092024_NA_MAHARA_MUMBAI_NA,59668.0,1698.0,0.0,0.0,0.0,0.0,55780.0,13425.3
Amazon Prime Speed Q3'24_Campaign Media Plan,Enter_25-44_Mumba_Video_PMP (PG)_Mobil_Midro_Funct_MiRo-Vi20se_CPM_MF25|A.sh+e-apus(NMyAjFlTaNe,2024-08-25,Media Plan,Entertainment,25-44,Mumbai,Video,PMP (PG),Mobile,Midroll,Mid Roll - Video 20 seconds,CPM,"MF 25-44 | A.in shoppers +  e-commerce app users (Nykaa, Myntra, Ajio, Flipkart, Tata Neu)",XCIP24IN008_EDE_AW_APAC_mtk_NEKN_A_PLC_MOB_AP_NA_DIG_VIDP_SBAN_RON_psq3augpmppgmumv20_REC_MLT_NA_NA_NA_NA_NA_1920X1080_:20_NSKP_4_CPM_SSWT_EN_11VFST_22082024_30092024_NA_MAHARA_MUMBAI_NA,24225.0,651.0,0.0,0.0,0.0,0.0,21778.0,5450.625
Amazon Prime Speed Q3'24_Campaign Media Plan,Enter_25-44_Mumba_Video_PMP (PG)_Mobil_Midro_Funct_MiRo-Vi20se_CPM_MF25|A.sh+e-apus(NMyAjFlTaNe,2024-08-26,Media Plan,Entertainment,25-44,Mumbai,Video,PMP (PG),Mobile,Midroll,Mid Roll - Video 20 seconds,CPM,"MF 25-44 | A.in shoppers +  e-commerce app users (Nykaa, Myntra, Ajio, Flipkart, Tata Neu)",XCIP24IN008_EDE_AW_APAC_mtk_NEKN_A_PLC_MOB_AP_NA_DIG_VIDP_SBAN_RON_psq3augpmppgmumv20_REC_MLT_NA_NA_NA_NA_NA_1920X1080_:20_NSKP_4_CPM_SSWT_EN_11VFST_22082024_30092024_NA_MAHARA_MUMBAI_NA,67747.0,718.0,0.0,0.0,0.0,0.0,64356.0,15243.075
Amazon Prime Speed Q3'24_Campaign Media Plan,Enter_25-44_Mumba_Video_YouTube_Deskt_Skipp_Funct_Sk|Vi30se_CPV_MF25|A-ShLiTVVi,2024-08-22,Media Plan,Entertainment,25-44,Mumbai,Video,YouTube,Desktop & Mobile,Skippable Instream ,Skippable | Video 30 seconds,CPV,"MF 25-44 |Affinity - Shoppers, Light TV Viewers ",XCIP24IN008_EDE_AW_APAC_youtube_NEKN_A_PLC_DM_WAP_NA_DIG_VIDP_SBAN_ROS_psq3augytmumv30_REC_MLT_NA_NA_NA_NA_NA_1920X1080_:30_SKP_4_CPV_SSWT_EN_11VFSU_22082024_30092024_NA_MAHARA_MUMBAI_NA,665234.0,3651.0,271753.0,422807.0,326753.0,285284.0,258690.0,76615.737456
Amazon Prime Speed Q3'24_Campaign Media Plan,Enter_25-44_Mumba_Video_YouTube_Deskt_Skipp_Funct_Sk|Vi30se_CPV_MF25|A-ShLiTVVi,2024-08-23,Media Plan,Entertainment,25-44,Mumbai,Video,YouTube,Desktop & Mobile,Skippable Instream ,Skippable | Video 30 seconds,CPV,"MF 25-44 |Affinity - Shoppers, Light TV Viewers ",XCIP24IN008_EDE_AW_APAC_youtube_NEKN_A_PLC_DM_WAP_NA_DIG_VIDP_SBAN_ROS_psq3augytdelv30_REC_MLT_NA_NA_NA_NA_NA_1920X1080_:30_SKP_4_CPV_SSWT_EN_11VFUU_22082024_30092024_NA_DELHI_NEW DE_NA,237031.0,1162.0,115470.0,169333.0,136195.0,120610.0,109850.0,28535.015737
Amazon Prime Speed Q3'24_Campaign Media Plan,Enter_25-44_Mumba_Video_YouTube_Deskt_Skipp_Funct_Sk|Vi30se_CPV_MF25|A-ShLiTVVi,2024-08-23,Media Plan,Entertainment,25-44,Mumbai,Video,YouTube,Desktop & Mobile,Skippable Instream ,Skippable | Video 30 seconds,CPV,"MF 25-44 |Affinity - Shoppers, Light TV Viewers ",XCIP24IN008_EDE_AW_APAC_youtube_NEKN_A_PLC_DM_WAP_NA_DIG_VIDP_SBAN_ROS_psq3augytmumv30_REC_MLT_NA_NA_NA_NA_NA_1920X1080_:30_SKP_4_CPV_SSWT_EN_11VFSU_22082024_30092024_NA_MAHARA_MUMBAI_NA,617787.0,3332.0,265643.0,406676.0,318158.0,279371.0,253621.0,80089.855884
Amazon Prime Speed Q3'24_Campaign Media Plan,Enter_25-44_Mumba_Video_YouTube_Deskt_Skipp_Funct_Sk|Vi30se_CPV_MF25|A-ShLiTVVi,2024-08-24,Media Plan,Entertainment,25-44,Mumbai,Video,YouTube,Desktop & Mobile,Skippable Instream ,Skippable | Video 30 seconds,CPV,"MF 25-44 |Affinity - Shoppers, Light TV Viewers ",XCIP24IN008_EDE_AW_APAC_youtube_NEKN_A_PLC_DM_WAP_NA_DIG_VIDP_SBAN_ROS_psq3augytdelv30_REC_MLT_NA_NA_NA_NA_NA_1920X1080_:30_SKP_4_CPV_SSWT_EN_11VFUU_22082024_30092024_NA_DELHI_NEW DE_NA,352824.0,1955.0,151232.0,232454.0,180762.0,158231.0,142914.0,42320.655005
Amazon Prime Speed Q3'24_Campaign Media Plan,Enter_25-44_Mumba_Video_YouTube_Deskt_Skipp_Funct_Sk|Vi30se_CPV_MF25|A-ShLiTVVi,2024-08-24,Media Plan,Entertainment,25-44,Mumbai,Video,YouTube,Desktop & Mobile,Skippable Instream ,Skippable | Video 30 seconds,CPV,"MF 25-44 |Affinity - Shoppers, Light TV Viewers ",XCIP24IN008_EDE_AW_APAC_youtube_NEKN_A_PLC_DM_WAP_NA_DIG_VIDP_SBAN_ROS_psq3augytmumv30_REC_MLT_NA_NA_NA_NA_NA_1920X1080_:30_SKP_4_CPV_SSWT_EN_11VFSU_22082024_30092024_NA_MAHARA_MUMBAI_NA,736916.0,4202.0,294538.0,465312.0,356549.0,310029.0,279586.0,102824.668308
Amazon Prime Speed Q3'24_Campaign Media Plan,Enter_25-44_Mumba_Video_YouTube_Deskt_Skipp_Funct_Sk|Vi30se_CPV_MF25|A-ShLiTVVi,2024-08-25,Media Plan,Entertainment,25-44,Mumbai,Video,YouTube,Desktop & Mobile,Skippable Instream ,Skippable | Video 30 seconds,CPV,"MF 25-44 |Affinity - Shoppers, Light TV Viewers ",XCIP24IN008_EDE_AW_APAC_youtube_NEKN_A_PLC_DM_WAP_NA_DIG_VIDP_SBAN_ROS_psq3augytdelv30_REC_MLT_NA_NA_NA_NA_NA_1920X1080_:30_SKP_4_CPV_SSWT_EN_11VFUU_22082024_30092024_NA_DELHI_NEW DE_NA,326625.0,1941.0,136519.0,211759.0,164019.0,142993.0,128762.0,39786.113182
Amazon Prime Speed Q3'24_Campaign Media Plan,Enter_25-44_Mumba_Video_YouTube_Deskt_Skipp_Funct_Sk|Vi30se_CPV_MF25|A-ShLiTVVi,2024-08-25,Media Plan,Entertainment,25-44,Mumbai,Video,YouTube,Desktop & Mobile,Skippable Instream ,Skippable | Video 30 seconds,CPV,"MF 25-44 |Affinity - Shoppers, Light TV Viewers ",XCIP24IN008_EDE_AW_APAC_youtube_NEKN_A_PLC_DM_WAP_NA_DIG_VIDP_SBAN_ROS_psq3augytmumv30_REC_MLT_NA_NA_NA_NA_NA_1920X1080_:30_SKP_4_CPV_SSWT_EN_11VFSU_22082024_30092024_NA_MAHARA_MUMBAI_NA,558608.0,3295.0,211873.0,340738.0,258007.0,223214.0,200645.0,77223.847834
Amazon Prime Speed Q3'24_Campaign Media Plan,Enter_25-44_Mumba_Video_YouTube_Deskt_Skipp_Funct_Sk|Vi30se_CPV_MF25|A-ShLiTVVi,2024-08-26,Media Plan,Entertainment,25-44,Mumbai,Video,YouTube,Desktop & Mobile,Skippable Instream ,Skippable | Video 30 seconds,CPV,"MF 25-44 |Affinity - Shoppers, Light TV Viewers ",XCIP24IN008_EDE_AW_APAC_youtube_NEKN_A_PLC_DM_WAP_NA_DIG_VIDP_SBAN_ROS_psq3augytdelv30_REC_MLT_NA_NA_NA_NA_NA_1920X1080_:30_SKP_4_CPV_SSWT_EN_11VFUU_22082024_30092024_NA_DELHI_NEW DE_NA,344337.0,2142.0,128554.0,206917.0,155977.0,134692.0,120432.0,39056.037268
Amazon Prime Speed Q3'24_Campaign Media Plan,Enter_25-44_Mumba_Video_YouTube_Deskt_Skipp_Funct_Sk|Vi30se_CPV_MF25|A-ShLiTVVi,2024-08-26,Media Plan,Entertainment,25-44,Mumbai,Video,YouTube,Desktop & Mobile,Skippable Instream ,Skippable | Video 30 seconds,CPV,"MF 25-44 |Affinity - Shoppers, Light TV Viewers ",XCIP24IN008_EDE_AW_APAC_youtube_NEKN_A_PLC_DM_WAP_NA_DIG_VIDP_SBAN_ROS_psq3augytmumv30_REC_MLT_NA_NA_NA_NA_NA_1920X1080_:30_SKP_4_CPV_SSWT_EN_11VFSU_22082024_30092024_NA_MAHARA_MUMBAI_NA,504910.0,2820.0,190869.0,310990.0,234290.0,201776.0,180428.0,71174.948147
Amazon Prime Speed Q3'24_Campaign Media Plan,Enter_25-44_Pune_Video_PMP (Open Auction)_Mobil_Midro_Funct_MiRo-Vi20se_CPM_MF25|A.sh+e-apus(NMyAjFlTaNe,2024-08-22,Media Plan,Entertainment,25-44,Pune,Video,PMP (Open Auction),Mobile,Midroll,Mid Roll - Video 20 seconds,CPM,"MF 25-44 | A.in shoppers +  e-commerce app users (Nykaa, Myntra, Ajio, Flipkart, Tata Neu)",XCIP24IN008_EDE_AW_APAC_mtk_NEKN_A_PLC_MOB_AP_NA_DIG_VIDP_SBAN_RON_psq3augpmpoapunv20_REC_MLT_NA_NA_NA_NA_NA_1920X1080_:20_NSKP_4_CPM_SSWT_EN_11VFVE_22082024_30092024_NA_MAHARA_PUNE_NA,6331.0,70.0,0.0,0.0,0.0,0.0,5189.0,859.478366
Amazon Prime Speed Q3'24_Campaign Media Plan,Enter_25-44_Pune_Video_PMP (Open Auction)_Mobil_Midro_Funct_MiRo-Vi20se_CPM_MF25|A.sh+e-apus(NMyAjFlTaNe,2024-08-23,Media Plan,Entertainment,25-44,Pune,Video,PMP (Open Auction),Mobile,Midroll,Mid Roll - Video 20 seconds,CPM,"MF 25-44 | A.in shoppers +  e-commerce app users (Nykaa, Myntra, Ajio, Flipkart, Tata Neu)",XCIP24IN008_EDE_AW_APAC_mtk_NEKN_A_PLC_MOB_AP_NA_DIG_VIDP_SBAN_RON_psq3augpmpoapunv20_REC_MLT_NA_NA_NA_NA_NA_1920X1080_:20_NSKP_4_CPM_SSWT_EN_11VFVE_22082024_30092024_NA_MAHARA_PUNE_NA,6462.0,71.0,0.0,0.0,0.0,0.0,5211.0,876.889434
Amazon Prime Speed Q3'24_Campaign Media Plan,Enter_25-44_Pune_Video_PMP (Open Auction)_Mobil_Midro_Funct_MiRo-Vi20se_CPM_MF25|A.sh+e-apus(NMyAjFlTaNe,2024-08-24,Media Plan,Entertainment,25-44,Pune,Video,PMP (Open Auction),Mobile,Midroll,Mid Roll - Video 20 seconds,CPM,"MF 25-44 | A.in shoppers +  e-commerce app users (Nykaa, Myntra, Ajio, Flipkart, Tata Neu)",XCIP24IN008_EDE_AW_APAC_mtk_NEKN_A_PLC_MOB_AP_NA_DIG_VIDP_SBAN_RON_psq3augpmpoapunv20_REC_MLT_NA_NA_NA_NA_NA_1920X1080_:20_NSKP_4_CPM_SSWT_EN_11VFVE_22082024_30092024_NA_MAHARA_PUNE_NA,6441.0,82.0,0.0,0.0,0.0,0.0,5378.0,877.121579
Amazon Prime Speed Q3'24_Campaign Media Plan,Enter_25-44_Pune_Video_PMP (Open Auction)_Mobil_Midro_Funct_MiRo-Vi20se_CPM_MF25|A.sh+e-apus(NMyAjFlTaNe,2024-08-25,Media Plan,Entertainment,25-44,Pune,Video,PMP (Open Auction),Mobile,Midroll,Mid Roll - Video 20 seconds,CPM,"MF 25-44 | A.in shoppers +  e-commerce app users (Nykaa, Myntra, Ajio, Flipkart, Tata Neu)",XCIP24IN008_EDE_AW_APAC_mtk_NEKN_A_PLC_MOB_AP_NA_DIG_VIDP_SBAN_RON_psq3augpmpoapunv20_REC_MLT_NA_NA_NA_NA_NA_1920X1080_:20_NSKP_4_CPM_SSWT_EN_11VFVE_22082024_30092024_NA_MAHARA_PUNE_NA,5364.0,47.0,0.0,0.0,0.0,0.0,4374.0,729.838241
Amazon Prime Speed Q3'24_Campaign Media Plan,Enter_25-44_Pune_Video_PMP (Open Auction)_Mobil_Midro_Funct_MiRo-Vi20se_CPM_MF25|A.sh+e-apus(NMyAjFlTaNe,2024-08-26,Media Plan,Entertainment,25-44,Pune,Video,PMP (Open Auction),Mobile,Midroll,Mid Roll - Video 20 seconds,CPM,"MF 25-44 | A.in shoppers +  e-commerce app users (Nykaa, Myntra, Ajio, Flipkart, Tata Neu)",XCIP24IN008_EDE_AW_APAC_mtk_NEKN_A_PLC_MOB_AP_NA_DIG_VIDP_SBAN_RON_psq3augpmpoapunv20_REC_MLT_NA_NA_NA_NA_NA_1920X1080_:20_NSKP_4_CPM_SSWT_EN_11VFVE_22082024_30092024_NA_MAHARA_PUNE_NA,5710.0,97.0,0.0,0.0,0.0,0.0,4523.0,774.414662
Amazon Prime Speed Q3'24_Campaign Media Plan,Enter_25-44_Pune_Video_PMP (PG)_Mobil_Midro_Funct_MiRo-Vi20se_CPM_MF25|A.sh+e-apus(NMyAjFlTaNe,2024-08-22,Media Plan,Entertainment,25-44,Pune,Video,PMP (PG),Mobile,Midroll,Mid Roll - Video 20 seconds,CPM,"MF 25-44 | A.in shoppers +  e-commerce app users (Nykaa, Myntra, Ajio, Flipkart, Tata Neu)",XCIP24IN008_EDE_AW_APAC_mtk_NEKN_A_PLC_MOB_AP_NA_DIG_VIDP_SBAN_RON_psq3augpmppgpunv20_REC_MLT_NA_NA_NA_NA_NA_1920X1080_:20_NSKP_4_CPM_SSWT_EN_11VFVD_22082024_30092024_NA_MAHARA_PUNE_NA,18135.0,293.0,0.0,0.0,0.0,0.0,17215.0,4080.375
Amazon Prime Speed Q3'24_Campaign Media Plan,Enter_25-44_Pune_Video_PMP (PG)_Mobil_Midro_Funct_MiRo-Vi20se_CPM_MF25|A.sh+e-apus(NMyAjFlTaNe,2024-08-23,Media Plan,Entertainment,25-44,Pune,Video,PMP (PG),Mobile,Midroll,Mid Roll - Video 20 seconds,CPM,"MF 25-44 | A.in shoppers +  e-commerce app users (Nykaa, Myntra, Ajio, Flipkart, Tata Neu)",XCIP24IN008_EDE_AW_APAC_mtk_NEKN_A_PLC_MOB_AP_NA_DIG_VIDP_SBAN_RON_psq3augpmppgpunv20_REC_MLT_NA_NA_NA_NA_NA_1920X1080_:20_NSKP_4_CPM_SSWT_EN_11VFVD_22082024_30092024_NA_MAHARA_PUNE_NA,16856.0,275.0,0.0,0.0,0.0,0.0,15875.0,3792.6000000000004
Amazon Prime Speed Q3'24_Campaign Media Plan,Enter_25-44_Pune_Video_PMP (PG)_Mobil_Midro_Funct_MiRo-Vi20se_CPM_MF25|A.sh+e-apus(NMyAjFlTaNe,2024-08-24,Media Plan,Entertainment,25-44,Pune,Video,PMP (PG),Mobile,Midroll,Mid Roll - Video 20 seconds,CPM,"MF 25-44 | A.in shoppers +  e-commerce app users (Nykaa, Myntra, Ajio, Flipkart, Tata Neu)",XCIP24IN008_EDE_AW_APAC_mtk_NEKN_A_PLC_MOB_AP_NA_DIG_VIDP_SBAN_RON_psq3augpmppgpunv20_REC_MLT_NA_NA_NA_NA_NA_1920X1080_:20_NSKP_4_CPM_SSWT_EN_11VFVD_22082024_30092024_NA_MAHARA_PUNE_NA,19520.0,629.0,0.0,0.0,0.0,0.0,18206.0,4392.0
Amazon Prime Speed Q3'24_Campaign Media Plan,Enter_25-44_Pune_Video_PMP (PG)_Mobil_Midro_Funct_MiRo-Vi20se_CPM_MF25|A.sh+e-apus(NMyAjFlTaNe,2024-08-25,Media Plan,Entertainment,25-44,Pune,Video,PMP (PG),Mobile,Midroll,Mid Roll - Video 20 seconds,CPM,"MF 25-44 | A.in shoppers +  e-commerce app users (Nykaa, Myntra, Ajio, Flipkart, Tata Neu)",XCIP24IN008_EDE_AW_APAC_mtk_NEKN_A_PLC_MOB_AP_NA_DIG_VIDP_SBAN_RON_psq3augpmppgpunv20_REC_MLT_NA_NA_NA_NA_NA_1920X1080_:20_NSKP_4_CPM_SSWT_EN_11VFVD_22082024_30092024_NA_MAHARA_PUNE_NA,11564.0,389.0,0.0,0.0,0.0,0.0,10422.0,2601.9
Amazon Prime Speed Q3'24_Campaign Media Plan,Enter_25-44_Pune_Video_PMP (PG)_Mobil_Midro_Funct_MiRo-Vi20se_CPM_MF25|A.sh+e-apus(NMyAjFlTaNe,2024-08-26,Media Plan,Entertainment,25-44,Pune,Video,PMP (PG),Mobile,Midroll,Mid Roll - Video 20 seconds,CPM,"MF 25-44 | A.in shoppers +  e-commerce app users (Nykaa, Myntra, Ajio, Flipkart, Tata Neu)",XCIP24IN008_EDE_AW_APAC_mtk_NEKN_A_PLC_MOB_AP_NA_DIG_VIDP_SBAN_RON_psq3augpmppgpunv20_REC_MLT_NA_NA_NA_NA_NA_1920X1080_:20_NSKP_4_CPM_SSWT_EN_11VFVD_22082024_30092024_NA_MAHARA_PUNE_NA,25815.0,248.0,0.0,0.0,0.0,0.0,24587.0,5808.375
Amazon Prime Speed Q3'24_Campaign Media Plan,Enter_25-44_Pune_Video_YouTube_Deskt_Skipp_Funct_Sk|Vi30se_CPV_MF25|A-ShLiTVVi,2024-08-22,Media Plan,Entertainment,25-44,Pune,Video,YouTube,Desktop & Mobile,Skippable Instream ,Skippable | Video 30 seconds,CPV,"MF 25-44 |Affinity - Shoppers, Light TV Viewers ",XCIP24IN008_EDE_AW_APAC_youtube_NEKN_A_PLC_DM_WAP_NA_DIG_VIDP_SBAN_ROS_psq3augytpunv30_REC_MLT_NA_NA_NA_NA_NA_1920X1080_:30_SKP_4_CPV_SSWT_EN_11VFUW_22082024_30092024_NA_MAHARA_PUNE_NA,243686.0,1329.0,129053.0,179253.0,148703.0,134494.0,124567.0,23852.415956
Amazon Prime Speed Q3'24_Campaign Media Plan,Enter_25-44_Pune_Video_YouTube_Deskt_Skipp_Funct_Sk|Vi30se_CPV_MF25|A-ShLiTVVi,2024-08-23,Media Plan,Entertainment,25-44,Pune,Video,YouTube,Desktop & Mobile,Skippable Instream ,Skippable | Video 30 seconds,CPV,"MF 25-44 |Affinity - Shoppers, Light TV Viewers ",XCIP24IN008_EDE_AW_APAC_youtube_NEKN_A_PLC_DM_WAP_NA_DIG_VIDP_SBAN_ROS_psq3augytpunv30_REC_MLT_NA_NA_NA_NA_NA_1920X1080_:30_SKP_4_CPV_SSWT_EN_11VFUW_22082024_30092024_NA_MAHARA_PUNE_NA,232360.0,1341.0,120953.0,169347.0,139990.0,126441.0,116740.0,23860.615028
Amazon Prime Speed Q3'24_Campaign Media Plan,Enter_25-44_Pune_Video_YouTube_Deskt_Skipp_Funct_Sk|Vi30se_CPV_MF25|A-ShLiTVVi,2024-08-24,Media Plan,Entertainment,25-44,Pune,Video,YouTube,Desktop & Mobile,Skippable Instream ,Skippable | Video 30 seconds,CPV,"MF 25-44 |Affinity - Shoppers, Light TV Viewers ",XCIP24IN008_EDE_AW_APAC_youtube_NEKN_A_PLC_DM_WAP_NA_DIG_VIDP_SBAN_ROS_psq3augytpunv30_REC_MLT_NA_NA_NA_NA_NA_1920X1080_:30_SKP_4_CPV_SSWT_EN_11VFUW_22082024_30092024_NA_MAHARA_PUNE_NA,250441.0,1372.0,130661.0,183000.0,150840.0,136365.0,126202.0,23822.121862
Amazon Prime Speed Q3'24_Campaign Media Plan,Enter_25-44_Pune_Video_YouTube_Deskt_Skipp_Funct_Sk|Vi30se_CPV_MF25|A-ShLiTVVi,2024-08-25,Media Plan,Entertainment,25-44,Pune,Video,YouTube,Desktop & Mobile,Skippable Instream ,Skippable | Video 30 seconds,CPV,"MF 25-44 |Affinity - Shoppers, Light TV Viewers ",XCIP24IN008_EDE_AW_APAC_youtube_NEKN_A_PLC_DM_WAP_NA_DIG_VIDP_SBAN_ROS_psq3augytpunv30_REC_MLT_NA_NA_NA_NA_NA_1920X1080_:30_SKP_4_CPV_SSWT_EN_11VFUW_22082024_30092024_NA_MAHARA_PUNE_NA,209096.0,1064.0,107925.0,151833.0,124892.0,112765.0,104149.0,19749.217496
Amazon Prime Speed Q3'24_Campaign Media Plan,Enter_25-44_Pune_Video_YouTube_Deskt_Skipp_Funct_Sk|Vi30se_CPV_MF25|A-ShLiTVVi,2024-08-26,Media Plan,Entertainment,25-44,Pune,Video,YouTube,Desktop & Mobile,Skippable Instream ,Skippable | Video 30 seconds,CPV,"MF 25-44 |Affinity - Shoppers, Light TV Viewers ",XCIP24IN008_EDE_AW_APAC_youtube_NEKN_A_PLC_DM_WAP_NA_DIG_VIDP_SBAN_ROS_psq3augytpunv30_REC_MLT_NA_NA_NA_NA_NA_1920X1080_:30_SKP_4_CPV_SSWT_EN_11VFUW_22082024_30092024_NA_MAHARA_PUNE_NA,221697.0,1276.0,113609.0,160212.0,131448.0,118520.0,109406.0,20359.039527
Amazon Prime Speed Q3'24_Campaign Media Plan,Utili_18+_Delhi_Displ_MyGate_Mobil_PAC_Funct_PA-3DahiSO(22627Au_CPM_Ni,2024-08-25,Media Plan,Utility,18+,Delhi NCR,Display,MyGate,Mobile,PAC,"PAC  - 3 Days high SOV (25th, 26th, 27th Aug)",CPM,Nil,#Sachmeintoomuch,461000.0,6803.0,0.0,315354.0,630708.0,946062.0,1261416.0,189010.0
Amazon Prime Speed Q3'24_Campaign Media Plan,Utili_18+_Mumba_Displ_MyGate_Mobil_PAC_Funct_PA-3DahiSO(22627Au_CPM_Ni,2024-08-23,Media Plan,Utility,18+,Mumbai,Display,MyGate,Mobile,PAC,"PAC  - 3 Days high SOV (23rd, 26th, 27th Aug)",CPM,Nil,#Sachmeintoomuch,203900.0,2514.0,0.0,162330.75,324661.5,486992.25,649323.0,83599.0
